timestamp,open,high,low,close,volume
2010-07-15,2.74,2.74,2.69,2.69,4039725100.0
2010-07-16,2.7,2.7,2.68,2.69,1378955100.0
2010-07-19,2.68,2.71,2.68,2.71,72996505.0
2010-07-20,2.7,2.71,2.69,2.71,844226057.0
2010-07-21,2.7,2.71,2.69,2.71,622094317.0
2010-07-22,2.7,2.75,2.69,2.73,1065122571.0
2010-07-23,2.73,2.84,2.73,2.81,719041122.0
2010-07-26,2.83,2.84,2.77,2.8,704693876.0
2010-07-27,2.79,2.8,2.77,2.78,384483985.0
2010-07-28,2.78,2.85,2.78,2.84,796917138.0
2010-07-29,2.84,2.88,2.81,2.83,894588395.0
2010-07-30,2.82,2.82,2.77,2.79,510624557.0
2010-08-02,2.78,2.81,2.77,2.8,521574632.0
2010-08-03,2.8,2.81,2.73,2.73,566704200.0
2010-08-04,2.73,2.75,2.7,2.73,413863463.0
2010-08-05,2.73,2.73,2.71,2.72,335500220.0
2010-08-06,2.72,2.73,2.7,2.72,328014909.0
2010-08-09,2.72,2.73,2.7,2.72,459887584.0
2010-08-10,2.71,2.72,2.68,2.69,506683548.0
2010-08-11,2.69,2.7,2.68,2.69,468119363.0
2010-08-12,2.68,2.69,2.68,2.68,511566731.0
2010-08-13,2.68,2.69,2.68,2.69,661554125.0
2010-08-16,2.68,2.72,2.68,2.71,386549165.0
2010-08-17,2.7,2.7,2.68,2.69,332728091.0
2010-08-18,2.69,2.71,2.68,2.69,395987072.0
2010-08-19,2.69,2.7,2.68,2.69,414253726.0
2010-08-20,2.68,2.69,2.68,2.68,429512133.0
2010-08-23,2.68,2.69,2.68,2.68,146681517.0
2010-08-24,2.68,2.7,2.68,2.69,256305249.0
2010-08-25,2.68,2.69,2.68,2.68,336694514.0
2010-08-26,2.68,2.69,2.68,2.69,172732090.0
2010-08-27,2.69,2.69,2.68,2.69,153487805.0
2010-08-30,2.69,2.71,2.68,2.7,366137390.0
2010-08-31,2.7,2.7,2.68,2.69,228897708.0
2010-09-01,2.68,2.7,2.68,2.68,313642952.0
2010-09-02,2.69,2.69,2.68,2.69,167608898.0
2010-09-03,2.69,2.7,2.68,2.69,282524064.0
2010-09-06,2.69,2.7,2.68,2.7,243962038.0
2010-09-07,2.7,2.7,2.68,2.69,171286136.0
2010-09-08,2.68,2.7,2.68,2.7,225396509.0
2010-09-09,2.69,2.7,2.68,2.69,223250224.0
2010-09-10,2.68,2.7,2.68,2.69,284969587.0
2010-09-13,2.69,2.7,2.68,2.7,297385029.0
2010-09-14,2.69,2.7,2.68,2.69,218247123.0
2010-09-15,2.69,2.69,2.68,2.68,179704426.0
2010-09-16,2.68,2.69,2.61,2.63,543375075.0
2010-09-17,2.62,2.63,2.57,2.6,260687413.0
2010-09-20,2.6,2.62,2.58,2.6,165395850.0
2010-09-21,2.6,2.61,2.59,2.59,75221899.0
2010-09-27,2.6,2.6,2.57,2.59,96103715.0
2010-09-28,2.58,2.59,2.57,2.57,88831031.0
2010-09-29,2.57,2.58,2.52,2.53,139475527.0
2010-09-30,2.53,2.64,2.53,2.61,252475759.0
2010-10-08,2.64,2.69,2.62,2.67,344211815.0
2010-10-11,2.67,2.73,2.65,2.7,572540494.0
2010-10-12,2.68,2.69,2.66,2.68,219468579.0
2010-10-13,2.67,2.72,2.65,2.71,514126409.0
2010-10-14,2.8,2.82,2.78,2.79,254199435.0
2010-10-15,2.81,2.95,2.81,2.95,590050399.0
2010-10-18,2.98,3.1,2.94,2.95,44118358.0
2010-10-19,2.9,2.96,2.84,2.94,499667301.0
2010-10-20,2.95,3.02,2.9,2.94,638194252.0
2010-10-21,2.93,2.93,2.8,2.84,627321283.0
2010-10-22,2.83,2.84,2.77,2.81,406010390.0
2010-10-25,2.81,2.84,2.76,2.83,469943317.0
2010-10-26,2.83,2.84,2.74,2.76,485825149.0
2010-10-27,2.75,2.81,2.73,2.76,459110492.0
2010-10-28,2.78,2.81,2.75,2.8,316519422.0
2010-10-29,2.78,2.81,2.75,2.76,251290867.0
2010-11-01,2.75,2.78,2.74,2.78,355333694.0
2010-11-02,2.77,2.79,2.72,2.77,361303356.0
2010-11-03,2.78,2.84,2.74,2.82,629196329.0
2010-11-04,2.82,2.87,2.81,2.84,434913605.0
2010-11-05,2.87,2.9,2.85,2.89,519955389.0
2010-11-08,2.89,2.91,2.86,2.89,386973118.0
2010-11-09,2.89,2.89,2.79,2.83,449443013.0
2010-11-10,2.8,2.8,2.75,2.77,477843071.0
2010-11-11,2.76,2.83,2.75,2.8,372595022.0
2010-11-12,2.77,2.79,2.68,2.72,537364098.0
2010-11-15,2.71,2.75,2.68,2.75,296372771.0
2010-11-16,2.73,2.73,2.66,2.67,365620457.0
2010-11-17,2.65,2.69,2.63,2.67,184958217.0
2010-11-18,2.67,2.69,2.66,2.67,171457016.0
2010-11-19,2.68,2.69,2.61,2.68,250148497.0
2010-11-22,2.65,2.66,2.63,2.65,159764457.0
2010-11-23,2.64,2.65,2.59,2.62,192567724.0
2010-11-24,2.61,2.66,2.6,2.64,133059571.0
2010-11-25,2.64,2.68,2.62,2.66,168015665.0
2010-11-26,2.66,2.66,2.62,2.64,150307057.0
2010-11-29,2.62,2.65,2.61,2.63,164297355.0
2010-11-30,2.62,2.64,2.58,2.61,200038896.0
2010-12-01,2.61,2.64,2.59,2.63,113611945.0
2010-12-02,2.64,2.69,2.64,2.68,307260528.0
2010-12-03,2.68,2.68,2.64,2.66,138243474.0
2010-12-06,2.66,2.68,2.64,2.66,135901606.0
2010-12-07,2.65,2.68,2.62,2.66,139717206.0
2010-12-08,2.66,2.67,2.62,2.63,178817245.0
2010-12-09,2.63,2.65,2.61,2.62,126567958.0
2010-12-10,2.61,2.63,2.59,2.63,244077474.0
2010-12-13,2.62,2.66,2.61,2.66,245473116.0
2010-12-14,2.65,2.66,2.63,2.65,157682700.0
2010-12-15,2.65,2.66,2.63,2.64,160781824.0
2010-12-16,2.63,2.64,2.62,2.63,75509803.0
2010-12-17,2.63,2.63,2.61,2.63,82384021.0
2010-12-20,2.63,2.64,2.59,2.61,168332483.0
2010-12-21,2.61,2.66,2.6,2.65,216849245.0
2010-12-22,2.65,2.65,2.62,2.62,98200148.0
2010-12-23,2.62,2.66,2.6,2.63,186599908.0
2010-12-24,2.61,2.65,2.6,2.63,162311640.0
2010-12-27,2.64,2.65,2.6,2.61,150050268.0
2010-12-28,2.6,2.61,2.55,2.56,229639836.0
2010-12-29,2.57,2.59,2.56,2.58,115971709.0
2010-12-30,2.58,2.61,2.56,2.6,215093946.0
2010-12-31,2.6,2.68,2.58,2.68,387689957.0
2011-01-04,2.66,2.67,2.63,2.67,132367911.0
2011-01-05,2.65,2.67,2.62,2.63,136713371.0
2011-01-06,2.63,2.64,2.61,2.61,114108757.0
2011-01-07,2.6,2.68,2.6,2.65,307153039.0
2011-01-10,2.64,2.66,2.62,2.63,168495568.0
2011-01-11,2.63,2.65,2.61,2.63,147442156.0
2011-01-12,2.64,2.66,2.63,2.66,248191087.0
2011-01-13,2.66,2.68,2.64,2.67,154089602.0
2011-01-14,2.66,2.67,2.64,2.65,108555623.0
2011-01-17,2.63,2.64,2.58,2.59,181175000.0
2011-01-18,2.59,2.61,2.58,2.6,117040499.0
2011-01-19,2.6,2.62,2.59,2.61,116573573.0
2011-01-20,2.61,2.62,2.57,2.58,118323569.0
2011-01-21,2.58,2.64,2.57,2.62,132121576.0
2011-01-24,2.61,2.61,2.58,2.59,128018409.0
2011-01-25,2.59,2.6,2.58,2.6,85809381.0
2011-01-26,2.6,2.61,2.59,2.61,50351661.0
2011-01-27,2.6,2.62,2.58,2.62,140061760.0
2011-01-28,2.61,2.61,2.59,2.61,74271224.0
2011-01-31,2.6,2.62,2.59,2.62,82919777.0
2011-02-01,2.61,2.63,2.6,2.62,83664057.0
2011-02-09,2.61,2.62,2.6,2.6,74017768.0
2011-02-10,2.62,2.62,2.6,2.61,83779258.0
2011-02-11,2.61,2.62,2.6,2.61,151543791.0
2011-02-14,2.61,2.69,2.61,2.68,393967657.0
2011-02-15,2.67,2.68,2.65,2.66,201988411.0
2011-02-16,2.66,2.67,2.64,2.67,142377233.0
2011-02-17,2.66,2.68,2.65,2.67,96829461.0
2011-02-18,2.66,2.66,2.64,2.65,98643369.0
2011-02-21,2.64,2.65,2.62,2.65,144481942.0
2011-02-22,2.64,2.64,2.59,2.6,263860888.0
2011-02-23,2.6,2.61,2.59,2.6,103394996.0
2011-02-24,2.6,2.61,2.59,2.6,87094740.0
2011-02-25,2.6,2.62,2.59,2.61,86723714.0
2011-02-28,2.61,2.62,2.6,2.61,80204601.0
2011-03-01,2.61,2.63,2.61,2.62,144376296.0
2011-03-02,0.0,0.0,0.0,0.0,0.0
2011-03-03,2.63,2.7,2.62,2.67,552478297.0
2011-03-04,2.66,2.69,2.66,2.68,223421790.0
2011-03-07,2.68,2.72,2.68,2.7,359118041.0
2011-03-08,2.7,2.71,2.68,2.7,149308016.0
2011-03-09,2.7,2.72,2.68,2.69,178657619.0
2011-03-10,2.69,2.7,2.65,2.66,134664037.0
2011-03-11,2.65,2.67,2.64,2.64,124263500.0
2011-03-14,2.63,2.65,2.62,2.63,135093810.0
2011-03-15,2.63,2.64,2.6,2.63,192229630.0
2011-03-16,2.62,2.65,2.62,2.64,110482208.0
2011-03-17,2.63,2.63,2.61,2.62,123115710.0
2011-03-18,2.63,2.64,2.62,2.63,118883772.0
2011-03-21,2.63,2.65,2.62,2.65,120722286.0
2011-03-22,2.65,2.66,2.63,2.66,154554689.0
2011-03-23,2.65,2.68,2.65,2.67,138797825.0
2011-03-24,2.67,2.68,2.66,2.68,117044652.0
2011-03-25,2.68,2.71,2.67,2.7,310371791.0
2011-03-28,2.71,2.74,2.7,2.72,363428356.0
2011-03-29,2.71,2.78,2.7,2.74,349966896.0
2011-03-30,2.75,2.77,2.72,2.75,237817162.0
2011-03-31,2.75,2.78,2.72,2.76,224126136.0
2011-04-01,2.76,2.8,2.75,2.79,210775008.0
2011-04-06,2.79,2.88,2.78,2.86,591280432.0
2011-04-07,2.86,2.91,2.84,2.87,339076066.0
2011-04-08,2.86,2.87,2.83,2.86,133550821.0
2011-04-11,2.86,2.9,2.86,2.87,240611112.0
2011-04-12,2.86,2.88,2.84,2.84,133115724.0
2011-04-13,2.83,2.9,2.82,2.9,162740750.0
2011-04-14,2.9,3.0,2.89,2.96,483372792.0
2011-04-15,2.96,3.0,2.94,2.98,233277065.0
2011-04-18,2.97,3.01,2.95,2.98,252996171.0
2011-04-19,2.96,2.97,2.91,2.91,160453093.0
2011-04-20,2.92,2.95,2.89,2.94,167188631.0
2011-04-21,2.95,2.96,2.91,2.92,170416645.0
2011-04-22,2.92,2.93,2.87,2.88,115207274.0
2011-04-25,2.88,2.91,2.86,2.88,138948720.0
2011-04-26,2.87,2.9,2.86,2.88,111671679.0
2011-04-27,2.89,2.94,2.88,2.9,226640521.0
2011-04-28,2.92,3.01,2.9,2.96,397912092.0
2011-04-29,2.95,2.96,2.88,2.94,224555634.0
2011-05-03,2.92,2.93,2.89,2.92,110364915.0
2011-05-04,2.9,2.91,2.83,2.86,156344053.0
2011-05-05,2.84,2.94,2.83,2.93,231634234.0
2011-05-06,2.9,2.94,2.88,2.92,137392838.0
2011-05-09,2.92,2.94,2.88,2.89,72581796.0
2011-05-10,2.89,2.93,2.87,2.93,66342608.0
2011-05-11,2.92,2.93,2.89,2.91,68241722.0
2011-05-12,2.9,2.91,2.86,2.88,70266177.0
2011-05-13,2.88,2.91,2.84,2.9,102669660.0
2011-05-16,2.89,2.91,2.86,2.88,106519735.0
2011-05-17,2.88,2.9,2.84,2.89,127319294.0
2011-05-18,2.88,2.93,2.87,2.92,98916091.0
2011-05-19,2.92,2.95,2.91,2.92,89248160.0
2011-05-20,2.92,2.94,2.91,2.93,72741915.0
2011-05-23,2.92,2.93,2.86,2.87,103939624.0
2011-05-24,2.86,2.88,2.84,2.85,104104796.0
2011-05-25,2.85,2.86,2.77,2.78,168256693.0
2011-05-26,2.79,2.82,2.78,2.8,163296891.0
2011-05-27,2.8,2.82,2.77,2.78,128491024.0
2011-05-30,2.77,2.85,2.76,2.84,135059370.0
2011-05-31,2.82,2.85,2.81,2.84,128988238.0
2011-06-01,2.86,2.86,2.82,2.84,132291057.0
2011-06-02,2.81,2.83,2.73,2.77,214605252.0
2011-06-03,2.76,2.81,2.76,2.8,172621507.0
2011-06-07,2.79,2.8,2.76,2.78,98117957.0
2011-06-08,0.0,0.0,0.0,0.0,0.0
2011-06-09,2.76,2.77,2.71,2.73,196066432.0
2011-06-10,2.73,2.75,2.7,2.73,99907002.0
2011-06-13,2.72,2.74,2.69,2.73,107736510.0
2011-06-14,2.72,2.75,2.71,2.73,170790768.0
2011-06-15,2.72,2.73,2.71,2.71,78918732.0
2011-06-16,2.7,2.72,2.69,2.71,105282410.0
2011-06-17,2.67,2.67,2.64,2.64,48619015.0
2011-06-20,2.64,2.65,2.61,2.64,126521062.0
2011-06-21,2.63,2.67,2.63,2.65,103744398.0
2011-06-22,2.65,2.72,2.64,2.7,139957213.0
2011-06-23,2.69,2.73,2.68,2.73,89116028.0
2011-06-24,2.72,2.8,2.71,2.79,168321173.0
2011-06-27,2.79,2.8,2.77,2.8,107279219.0
2011-06-28,2.79,2.8,2.77,2.79,116087491.0
2011-06-29,2.79,2.8,2.76,2.78,142343351.0
2011-06-30,2.77,2.8,2.76,2.8,110024209.0
2011-07-01,2.8,2.81,2.72,2.74,161490024.0
2011-07-04,2.75,2.78,2.73,2.77,133470600.0
2011-07-05,2.77,2.77,2.73,2.74,110641726.0
2011-07-06,2.74,2.74,2.67,2.7,217111704.0
2011-07-07,2.71,2.73,2.65,2.67,285278025.0
2011-07-08,2.68,2.7,2.65,2.69,147643439.0
2011-07-11,2.68,2.7,2.66,2.68,84512601.0
2011-07-12,2.67,2.68,2.63,2.66,192768526.0
2011-07-13,2.67,2.71,2.66,2.71,204725635.0
2011-07-14,2.7,2.71,2.68,2.7,148721830.0
2011-07-15,2.7,2.72,2.67,2.7,168332399.0
2011-07-18,2.7,2.73,2.69,2.73,243729955.0
2011-07-19,2.72,2.73,2.7,2.72,132658658.0
2011-07-20,2.72,2.74,2.7,2.72,129115720.0
2011-07-21,2.71,2.72,2.68,2.71,155456442.0
2011-07-22,2.7,2.71,2.68,2.69,102860412.0
2011-07-25,2.68,2.69,2.63,2.64,134785804.0
2011-07-26,2.64,2.67,2.63,2.65,149280144.0
2011-07-27,2.64,2.66,2.63,2.65,73722265.0
2011-07-28,2.64,2.65,2.63,2.64,58993545.0
2011-07-29,2.64,2.72,2.63,2.68,134114067.0
2011-08-01,2.67,2.7,2.65,2.68,57426465.0
2011-08-02,2.66,2.67,2.64,2.65,33675014.0
2011-08-03,2.64,2.67,2.63,2.67,96388135.0
2011-08-04,2.67,2.67,2.65,2.66,23902908.0
2011-08-05,2.63,2.64,2.61,2.62,83635466.0
2011-08-08,2.61,2.62,2.57,2.58,134383131.0
2011-08-09,2.55,2.59,2.53,2.59,139385365.0
2011-08-10,2.61,2.62,2.57,2.59,131527658.0
2011-08-11,2.55,2.63,2.54,2.62,130443633.0
2011-08-12,2.63,2.63,2.6,2.62,90820763.0
2011-08-15,2.62,2.65,2.59,2.64,144515949.0
2011-08-16,2.64,2.66,2.62,2.63,87528569.0
2011-08-17,2.62,2.65,2.62,2.63,59964976.0
2011-08-18,2.63,2.64,2.58,2.59,82376013.0
2011-08-19,2.55,2.59,2.54,2.57,86512040.0
2011-08-22,2.57,2.59,2.56,2.57,64927425.0
2011-08-23,2.58,2.6,2.56,2.6,49217214.0
2011-08-24,2.6,2.61,2.58,2.58,45265590.0
2011-08-25,2.59,2.66,2.59,2.64,211875661.0
2011-08-26,2.64,2.65,2.6,2.62,134682577.0
2011-08-29,2.61,2.61,2.58,2.6,113925870.0
2011-08-30,2.61,2.64,2.59,2.6,147188366.0
2011-08-31,2.59,2.61,2.58,2.61,89444724.0
2011-09-01,2.6,2.62,2.59,2.6,56096452.0
2011-09-02,2.59,2.6,2.57,2.58,70232786.0
2011-09-05,2.57,2.58,2.55,2.55,115272789.0
2011-09-06,2.55,2.56,2.53,2.56,113208803.0
2011-09-07,2.56,2.59,2.55,2.58,104233254.0
2011-09-08,2.58,2.59,2.57,2.58,53784020.0
2011-09-09,2.58,2.6,2.57,2.58,67459075.0
2011-09-13,2.56,2.58,2.55,2.57,54968842.0
2011-09-14,2.57,2.58,2.53,2.56,113628346.0
2011-09-15,2.55,2.56,2.54,2.54,90680229.0
2011-09-16,2.55,2.56,2.54,2.55,82412915.0
2011-09-19,2.54,2.55,2.51,2.52,94923091.0
2011-09-20,2.52,2.54,2.51,2.53,54731290.0
2011-09-21,2.53,2.58,2.52,2.56,141000552.0
2011-09-22,2.54,2.56,2.51,2.52,102458078.0
2011-09-23,2.5,2.51,2.47,2.51,161772730.0
2011-09-26,2.5,2.51,2.46,2.48,83000210.0
2011-09-27,2.49,2.5,2.46,2.48,94188726.0
2011-09-28,2.49,2.5,2.45,2.47,84269434.0
2011-09-29,2.46,2.47,2.44,2.46,75190040.0
2011-09-30,2.46,2.48,2.44,2.46,130944175.0
2011-10-10,2.45,2.48,2.43,2.47,111113139.0
2011-10-11,2.55,2.58,2.5,2.52,214753056.0
2011-10-12,2.51,2.6,2.5,2.58,299782688.0
2011-10-13,2.57,2.6,2.54,2.59,151881829.0
2011-10-14,2.57,2.61,2.54,2.6,165999875.0
2011-10-17,2.59,2.61,2.58,2.61,129111710.0
2011-10-18,2.58,2.63,2.56,2.62,216712374.0
2011-10-19,2.6,2.61,2.59,2.59,77799164.0
2011-10-20,2.58,2.59,2.54,2.55,75762719.0
2011-10-21,2.56,2.59,2.54,2.58,76512113.0
2011-10-24,2.58,2.65,2.58,2.63,179725146.0
2011-10-25,2.63,2.67,2.62,2.66,142416917.0
2011-10-26,2.65,2.69,2.64,2.65,143202895.0
2011-10-27,2.66,2.68,2.65,2.68,96478613.0
2011-10-28,2.69,2.72,2.67,2.68,188242367.0
2011-10-31,2.68,2.7,2.67,2.68,95929904.0
2011-11-01,2.66,2.69,2.64,2.67,94303176.0
2011-11-02,2.64,2.68,2.63,2.68,86583329.0
2011-11-03,2.68,2.68,2.65,2.66,168736545.0
2011-11-04,2.67,2.68,2.65,2.67,123715707.0
2011-11-07,2.66,2.67,2.63,2.64,57665749.0
2011-11-08,2.64,2.65,2.62,2.64,69175903.0
2011-11-09,2.64,2.67,2.63,2.66,90277224.0
2011-11-10,2.64,2.65,2.62,2.63,71983594.0
2011-11-11,2.62,2.65,2.62,2.65,48040029.0
2011-11-14,2.65,2.68,2.64,2.66,93231495.0
2011-11-15,2.66,2.66,2.62,2.64,62708012.0
2011-11-16,2.64,2.64,2.58,2.59,73819136.0
2011-11-17,2.59,2.6,2.58,2.59,32704233.0
2011-11-18,2.58,2.59,2.55,2.55,50680352.0
2011-11-21,2.56,2.56,2.53,2.54,28932644.0
2011-11-22,2.53,2.55,2.52,2.54,31302508.0
2011-11-23,2.55,2.56,2.53,2.56,48604369.0
2011-11-24,2.54,2.58,2.53,2.57,47586261.0
2011-11-25,2.56,2.57,2.53,2.54,27175679.0
2011-11-28,2.53,2.56,2.53,2.55,24454148.0
2011-11-29,2.56,2.58,2.55,2.57,41291475.0
2011-11-30,2.57,2.58,2.53,2.54,68929752.0
2011-12-01,2.58,2.63,2.56,2.6,115558319.0
2011-12-02,2.58,2.59,2.55,2.58,44245054.0
2011-12-05,2.58,2.6,2.57,2.6,67092920.0
2011-12-06,2.59,2.6,2.55,2.56,46944501.0
2011-12-07,2.55,2.58,2.55,2.57,26414722.0
2011-12-08,2.57,2.59,2.55,2.58,40819536.0
2011-12-09,2.57,2.6,2.57,2.59,43889359.0
2011-12-12,2.59,2.6,2.57,2.57,23646341.0
2011-12-13,2.57,2.59,2.53,2.54,72010616.0
2011-12-14,2.54,2.55,2.52,2.54,31752090.0
2011-12-15,2.54,2.55,2.51,2.53,44753622.0
2011-12-16,2.52,2.58,2.51,2.57,98782104.0
2011-12-19,2.55,2.57,2.52,2.56,77553658.0
2011-12-20,2.56,2.59,2.55,2.58,57551864.0
2011-12-21,2.58,2.61,2.57,2.6,110575173.0
2011-12-22,2.59,2.62,2.58,2.6,127337875.0
2011-12-23,2.59,2.61,2.58,2.58,75772729.0
2011-12-26,2.58,2.59,2.57,2.58,44124221.0
2011-12-27,2.58,2.6,2.57,2.59,49399179.0
2011-12-28,2.58,2.59,2.55,2.59,77180219.0
2011-12-29,2.58,2.6,2.57,2.6,47704610.0
2011-12-30,2.6,2.62,2.59,2.62,101892067.0
2012-01-04,2.62,2.63,2.59,2.6,79900877.0
2012-01-05,2.6,2.66,2.6,2.65,143180844.0
2012-01-06,2.64,2.67,2.64,2.66,79769708.0
2012-01-09,2.65,2.68,2.63,2.68,89918279.0
2012-01-10,2.67,2.7,2.66,2.69,87197728.0
2012-01-11,2.69,2.7,2.67,2.67,76799623.0
2012-01-12,2.67,2.68,2.65,2.65,93682230.0
2012-01-13,2.65,2.66,2.64,2.65,69265138.0
2012-01-16,2.65,2.65,2.65,2.65,0.0
2012-01-17,2.65,2.7,2.64,2.69,122383769.0
2012-01-18,2.69,2.7,2.66,2.69,126405639.0
2012-01-19,2.69,2.71,2.68,2.7,94004676.0
2012-01-20,2.71,2.73,2.69,2.72,152252180.0
2012-01-30,2.73,2.73,2.67,2.68,116110753.0
2012-01-31,2.69,2.7,2.67,2.7,108784369.0
2012-02-01,2.69,2.71,2.68,2.68,68407516.0
2012-02-02,2.69,2.73,2.68,2.73,109422766.0
2012-02-03,2.73,2.76,2.72,2.75,131592821.0
2012-02-06,2.75,2.76,2.73,2.75,65516666.0
2012-02-07,2.74,2.75,2.71,2.72,54997159.0
2012-02-08,2.72,2.77,2.71,2.75,72550673.0
2012-02-09,2.75,2.76,2.72,2.73,51126614.0
2012-02-10,2.72,2.75,2.71,2.72,82018900.0
2012-02-13,2.71,2.72,2.7,2.71,60565215.0
2012-02-14,2.71,2.71,2.69,2.7,57386848.0
2012-02-15,2.7,2.72,2.7,2.7,71977356.0
2012-02-16,2.7,2.71,2.69,2.69,55656638.0
2012-02-17,2.7,2.71,2.69,2.7,41841835.0
2012-02-20,2.73,2.74,2.71,2.72,79268548.0
2012-02-21,2.72,2.73,2.71,2.72,33052260.0
2012-02-22,2.72,2.73,2.7,2.72,80748309.0
2012-02-23,2.72,2.72,2.71,2.71,59718982.0
2012-02-24,2.71,2.74,2.7,2.74,127666831.0
2012-02-27,2.74,2.75,2.72,2.74,148939340.0
2012-02-28,2.73,2.76,2.73,2.76,112472639.0
2012-02-29,2.75,2.76,2.73,2.75,59775487.0
2012-03-01,2.74,2.75,2.73,2.74,35428077.0
2012-03-02,2.74,2.75,2.73,2.74,74282562.0
2012-03-05,2.75,2.75,2.72,2.73,108813408.0
2012-03-06,2.73,2.74,2.7,2.71,75021591.0
2012-03-07,2.7,2.71,2.68,2.69,86397075.0
2012-03-08,2.69,2.72,2.69,2.71,77402381.0
2012-03-09,2.71,2.72,2.69,2.71,89240714.0
2012-03-12,2.7,2.71,2.69,2.7,76810303.0
2012-03-13,2.71,2.72,2.69,2.71,69344541.0
2012-03-14,2.72,2.74,2.7,2.7,157718963.0
2012-03-15,2.7,2.72,2.66,2.67,230373275.0
2012-03-16,2.67,2.68,2.66,2.68,119618890.0
2012-03-19,2.67,2.68,2.64,2.65,133559682.0
2012-03-20,2.65,2.66,2.62,2.62,129373956.0
2012-03-21,2.63,2.64,2.61,2.62,135760404.0
2012-03-22,2.62,2.65,2.62,2.65,169436626.0
2012-03-23,2.65,2.66,2.63,2.64,109588917.0
2012-03-26,2.64,2.66,2.64,2.66,99912905.0
2012-03-27,2.66,2.66,2.65,2.65,68922578.0
2012-03-28,2.65,2.67,2.65,2.65,95292174.0
2012-03-29,2.65,2.66,2.64,2.65,81570084.0
2012-03-30,2.64,2.68,2.64,2.68,96216187.0
2012-04-05,2.66,2.67,2.63,2.65,140306189.0
2012-04-06,2.65,2.66,2.63,2.64,44463978.0
2012-04-09,2.63,2.65,2.63,2.63,25765501.0
2012-04-10,2.63,2.65,2.63,2.64,33085724.0
2012-04-11,2.64,2.66,2.63,2.64,73589257.0
2012-04-12,2.64,2.68,2.64,2.68,90991517.0
2012-04-13,2.67,2.69,2.67,2.68,62169651.0
2012-04-16,2.67,2.68,2.66,2.66,49999477.0
2012-04-17,2.66,2.68,2.66,2.68,52758440.0
2012-04-18,2.68,2.72,2.67,2.71,108941300.0
2012-04-19,2.7,2.72,2.7,2.71,59553641.0
2012-04-20,2.71,2.74,2.7,2.73,78028687.0
2012-04-23,2.73,2.73,2.71,2.71,47812201.0
2012-04-24,2.72,2.75,2.71,2.74,91645537.0
2012-04-25,2.73,2.74,2.72,2.74,47160130.0
2012-04-26,2.73,2.75,2.72,2.73,48934619.0
2012-04-27,2.73,2.74,2.72,2.72,53652242.0
2012-05-02,2.74,2.74,2.72,2.73,124189592.0
2012-05-03,2.73,2.73,2.71,2.73,61399868.0
2012-05-04,2.73,2.75,2.72,2.73,99328053.0
2012-05-07,2.73,2.74,2.72,2.73,81140966.0
2012-05-08,2.73,2.76,2.72,2.76,104131459.0
2012-05-09,2.75,2.75,2.72,2.72,75335044.0
2012-05-10,2.73,2.75,2.72,2.74,55757365.0
2012-05-11,2.73,2.75,2.72,2.73,65724987.0
2012-05-14,2.73,2.73,2.68,2.69,79791979.0
2012-05-15,2.69,2.7,2.67,2.69,64827769.0
2012-05-16,2.69,2.7,2.66,2.67,73893485.0
2012-05-17,2.67,2.71,2.66,2.7,56869820.0
2012-05-18,2.68,2.69,2.64,2.65,86998188.0
2012-05-21,2.67,2.67,2.64,2.65,60731201.0
2012-05-22,2.66,2.66,2.65,2.66,35815030.0
2012-05-23,2.66,2.67,2.65,2.65,26776547.0
2012-05-24,2.65,2.66,2.64,2.65,35709596.0
2012-05-25,2.65,2.66,2.64,2.64,30339232.0
2012-05-28,2.65,2.67,2.65,2.66,59969289.0
2012-05-29,2.66,2.69,2.65,2.69,56048991.0
2012-05-30,2.68,2.69,2.67,2.69,52553200.0
2012-05-31,2.67,2.68,2.64,2.64,74093492.0
2012-06-01,2.65,2.67,2.65,2.65,38416578.0
2012-06-04,2.65,2.66,2.61,2.61,72754086.0
2012-06-05,2.62,2.63,2.61,2.62,37305089.0
2012-06-06,2.63,2.64,2.62,2.64,28350647.0
2012-06-07,2.64,2.65,2.62,2.63,36282797.0
2012-06-08,2.63,2.63,2.63,2.63,0.0
2012-06-11,2.62,2.63,2.61,2.62,101420992.0
2012-06-12,2.62,2.62,2.6,2.61,57605537.0
2012-06-13,2.62,2.63,2.61,2.62,76652213.0
2012-06-14,2.62,2.63,2.6,2.62,64759303.0
2012-06-15,2.62,2.67,2.61,2.65,92104704.0
2012-06-18,2.66,2.67,2.65,2.67,51567766.0
2012-06-19,2.67,2.68,2.65,2.67,62349031.0
2012-06-20,2.57,2.57,2.54,2.55,45339877.0
2012-06-21,2.55,2.56,2.53,2.54,73693713.0
2012-06-25,2.54,2.56,2.53,2.54,52361850.0
2012-06-26,2.54,2.56,2.54,2.55,35417862.0
2012-06-27,2.55,2.56,2.54,2.56,37428907.0
2012-06-28,2.56,2.57,2.55,2.55,36529432.0
2012-06-29,2.55,2.59,2.55,2.59,66279119.0
2012-07-02,2.58,2.59,2.57,2.58,50291950.0
2012-07-03,2.58,2.59,2.57,2.57,29959284.0
2012-07-04,2.57,2.58,2.56,2.57,36893152.0
2012-07-05,2.56,2.57,2.56,2.57,35687036.0
2012-07-06,2.55,2.56,2.54,2.55,33654474.0
2012-07-09,2.55,2.57,2.5,2.51,77200225.0
2012-07-10,2.51,2.52,2.49,2.5,45583100.0
2012-07-11,2.5,2.51,2.47,2.48,50195771.0
2012-07-12,2.48,2.49,2.45,2.46,77542197.0
2012-07-13,2.46,2.48,2.46,2.47,35168221.0
2012-07-16,2.48,2.48,2.46,2.48,60706404.0
2012-07-17,2.48,2.5,2.47,2.49,44781615.0
2012-07-18,2.5,2.51,2.48,2.49,37963582.0
2012-07-19,2.5,2.51,2.49,2.49,31775166.0
2012-07-20,2.49,2.5,2.47,2.49,29811444.0
2012-07-23,2.48,2.49,2.45,2.46,34312905.0
2012-07-24,2.47,2.47,2.44,2.44,42578451.0
2012-07-25,2.44,2.46,2.44,2.45,21008247.0
2012-07-26,2.44,2.46,2.44,2.45,24477789.0
2012-07-27,2.46,2.49,2.45,2.48,39118738.0
2012-07-30,2.48,2.51,2.47,2.49,42110058.0
2012-07-31,2.5,2.52,2.49,2.52,41806791.0
2012-08-01,2.51,2.52,2.5,2.5,29344715.0
2012-08-02,2.5,2.52,2.5,2.51,23973558.0
2012-08-03,2.51,2.53,2.51,2.52,22008294.0
2012-08-06,2.52,2.53,2.5,2.5,41906372.0
2012-08-07,2.51,2.52,2.5,2.5,30272213.0
2012-08-08,2.5,2.53,2.5,2.51,48305563.0
2012-08-09,2.51,2.53,2.51,2.53,34423182.0
2012-08-10,2.53,2.54,2.52,2.53,31022693.0
2012-08-13,2.52,2.54,2.52,2.53,44744665.0
2012-08-14,2.53,2.55,2.53,2.54,66267072.0
2012-08-15,2.54,2.55,2.51,2.51,34835796.0
2012-08-16,2.51,2.53,2.51,2.52,14674016.0
2012-08-17,2.52,2.53,2.5,2.51,39085931.0
2012-08-20,2.5,2.52,2.48,2.5,30300170.0
2012-08-21,2.49,2.5,2.48,2.48,53374096.0
2012-08-22,2.48,2.49,2.47,2.49,39645032.0
2012-08-23,2.48,2.49,2.47,2.48,55291012.0
2012-08-24,2.48,2.48,2.47,2.48,49099642.0
2012-08-27,2.47,2.5,2.47,2.49,53157117.0
2012-08-28,2.49,2.51,2.48,2.49,30847823.0
2012-08-29,2.5,2.51,2.48,2.5,20337365.0
2012-08-30,2.48,2.5,2.48,2.49,62700580.0
2012-08-31,2.49,2.49,2.47,2.48,41167558.0
2012-09-03,2.47,2.48,2.45,2.45,49676139.0
2012-09-04,2.45,2.46,2.44,2.45,46764250.0
2012-09-05,2.45,2.45,2.41,2.42,66445984.0
2012-09-06,2.42,2.43,2.41,2.43,35686776.0
2012-09-07,2.43,2.5,2.42,2.49,141317729.0
2012-09-10,2.48,2.49,2.46,2.48,56756851.0
2012-09-11,2.47,2.47,2.44,2.47,38935765.0
2012-09-12,2.47,2.48,2.44,2.46,40304758.0
2012-09-13,2.45,2.47,2.44,2.45,30664298.0
2012-09-14,2.46,2.49,2.45,2.48,62367161.0
2012-09-17,2.47,2.49,2.45,2.46,52193167.0
2012-09-18,2.46,2.46,2.44,2.44,27545157.0
2012-09-19,2.44,2.45,2.42,2.44,56159665.0
2012-09-20,2.42,2.44,2.41,2.43,54102910.0
2012-09-21,2.42,2.43,2.41,2.41,62289792.0
2012-09-24,2.41,2.42,2.4,2.41,58130945.0
2012-09-25,2.41,2.42,2.4,2.41,22952187.0
2012-09-26,2.4,2.41,2.38,2.4,35919504.0
2012-09-27,2.39,2.46,2.39,2.45,89659988.0
2012-09-28,2.43,2.47,2.43,2.46,72986064.0
2012-10-08,2.45,2.47,2.44,2.47,45962506.0
2012-10-09,2.47,2.51,2.46,2.49,74725680.0
2012-10-10,2.49,2.49,2.46,2.48,44281337.0
2012-10-11,2.48,2.5,2.46,2.49,48436140.0
2012-10-12,2.49,2.52,2.49,2.5,62289692.0
2012-10-15,2.5,2.52,2.49,2.51,42645468.0
2012-10-16,2.51,2.52,2.49,2.5,31706070.0
2012-10-17,2.5,2.52,2.5,2.51,35832285.0
2012-10-18,2.52,2.53,2.5,2.51,62636077.0
2012-10-19,2.51,2.52,2.5,2.52,48359775.0
2012-10-22,2.51,2.53,2.5,2.52,39921766.0
2012-10-23,2.52,2.53,2.51,2.51,20417420.0
2012-10-24,2.51,2.52,2.5,2.51,28275591.0
2012-10-25,2.5,2.52,2.49,2.5,30565002.0
2012-10-26,2.5,2.52,2.46,2.47,41716092.0
2012-10-29,2.48,2.48,2.46,2.47,32231244.0
2012-10-30,2.47,2.49,2.46,2.48,46823373.0
2012-10-31,2.48,2.51,2.47,2.5,34747620.0
2012-11-01,2.5,2.54,2.5,2.53,72312788.0
2012-11-02,2.53,2.57,2.52,2.55,88186665.0
2012-11-05,2.55,2.57,2.53,2.56,48054403.0
2012-11-06,2.56,2.57,2.53,2.57,66408069.0
2012-11-07,2.56,2.58,2.55,2.57,34792580.0
2012-11-08,2.56,2.58,2.53,2.57,51590735.0
2012-11-09,2.56,2.58,2.55,2.58,65293173.0
2012-11-12,2.56,2.59,2.56,2.58,74618339.0
2012-11-13,2.58,2.58,2.55,2.57,74274020.0
2012-11-14,2.57,2.6,2.56,2.58,71584579.0
2012-11-15,2.57,2.6,2.56,2.58,62201524.0
2012-11-16,2.57,2.58,2.53,2.58,76516212.0
2012-11-19,2.56,2.58,2.54,2.56,39947497.0
2012-11-20,2.56,2.57,2.54,2.57,33755716.0
2012-11-21,2.56,2.59,2.56,2.58,38529844.0
2012-11-22,2.58,2.59,2.57,2.58,26906430.0
2012-11-23,2.59,2.6,2.57,2.58,56000387.0
2012-11-26,2.57,2.61,2.56,2.61,49269456.0
2012-11-27,2.6,2.62,2.59,2.61,54074587.0
2012-11-28,2.61,2.64,2.6,2.64,78748551.0
2012-11-29,2.64,2.65,2.62,2.64,66760891.0
2012-11-30,2.63,2.65,2.6,2.6,51548022.0
2012-12-03,2.6,2.62,2.58,2.61,44719671.0
2012-12-04,2.6,2.61,2.58,2.58,58950078.0
2012-12-05,2.59,2.64,2.58,2.62,128807896.0
2012-12-06,2.62,2.63,2.6,2.62,77340557.0
2012-12-07,2.62,2.65,2.61,2.62,194680417.0
2012-12-10,2.63,2.67,2.62,2.67,144023798.0
2012-12-11,2.65,2.69,2.65,2.67,75300462.0
2012-12-12,2.67,2.69,2.66,2.68,93613906.0
2012-12-13,2.68,2.69,2.66,2.68,61081373.0
2012-12-14,2.68,2.8,2.68,2.79,191904263.0
2012-12-17,2.78,2.8,2.72,2.74,158831873.0
2012-12-18,2.73,2.79,2.71,2.77,191191081.0
2012-12-19,2.76,2.78,2.73,2.75,99547092.0
2012-12-20,2.75,2.76,2.72,2.74,60827694.0
2012-12-21,2.74,2.76,2.7,2.71,112759693.0
2012-12-24,2.72,2.75,2.71,2.73,54838548.0
2012-12-25,2.73,2.83,2.72,2.8,143619829.0
2012-12-26,2.8,2.8,2.75,2.77,107126546.0
2012-12-27,2.76,2.78,2.73,2.74,109688219.0
2012-12-28,2.74,2.78,2.73,2.76,165537699.0
2012-12-31,2.76,2.81,2.75,2.8,178108658.0
2013-01-04,2.83,2.9,2.8,2.89,368017259.0
2013-01-07,2.88,2.9,2.86,2.87,139115899.0
2013-01-08,2.88,2.89,2.82,2.84,103867372.0
2013-01-09,2.84,2.85,2.8,2.82,101774321.0
2013-01-10,2.82,2.83,2.81,2.82,124676468.0
2013-01-11,2.82,2.82,2.77,2.79,98337578.0
2013-01-14,2.78,2.87,2.77,2.84,201038834.0
2013-01-15,2.84,2.86,2.82,2.84,181549522.0
2013-01-16,2.83,2.83,2.76,2.78,147653427.0
2013-01-17,2.78,2.78,2.75,2.77,83781233.0
2013-01-18,2.78,2.82,2.77,2.8,93251278.0
2013-01-21,2.81,2.81,2.76,2.78,149396644.0
2013-01-22,2.77,2.88,2.76,2.81,300367081.0
2013-01-23,2.81,2.84,2.79,2.83,231953813.0
2013-01-24,2.83,2.91,2.82,2.86,424746568.0
2013-01-25,2.85,2.86,2.8,2.82,181620525.0
2013-01-28,2.82,2.92,2.81,2.91,390946991.0
2013-01-29,2.9,2.93,2.88,2.91,313601945.0
2013-01-30,2.92,3.02,2.91,3.01,558564709.0
2013-01-31,3.02,3.11,3.01,3.08,502788908.0
2013-02-01,3.07,3.15,3.04,3.14,388129256.0
2013-02-04,3.14,3.28,3.13,3.23,501872987.0
2013-02-05,3.2,3.22,3.15,3.19,343187375.0
2013-02-06,3.19,3.24,3.16,3.2,233170779.0
2013-02-07,3.19,3.21,3.08,3.14,315462031.0
2013-02-08,3.13,3.16,3.09,3.1,233158698.0
2013-02-18,3.12,3.17,3.08,3.09,253638924.0
2013-02-19,3.09,3.11,3.04,3.07,153695983.0
2013-02-20,3.07,3.09,3.01,3.05,182687910.0
2013-02-21,3.03,3.04,2.9,2.95,304538788.0
2013-02-22,2.94,2.94,2.88,2.91,140840005.0
2013-02-25,2.9,2.95,2.88,2.9,113446564.0
2013-02-26,2.89,2.98,2.86,2.87,210810749.0
2013-02-27,2.88,2.95,2.87,2.93,182134519.0
2013-02-28,2.94,3.02,2.91,3.0,224303301.0
2013-03-01,3.0,3.01,2.9,2.95,143711219.0
2013-03-04,2.89,2.95,2.8,2.85,252133397.0
2013-03-05,2.85,3.01,2.84,2.97,284866650.0
2013-03-06,2.97,2.98,2.91,2.94,198033012.0
2013-03-07,2.92,2.93,2.85,2.87,151992957.0
2013-03-08,2.88,2.91,2.85,2.87,106002985.0
2013-03-11,2.86,2.87,2.82,2.85,113421953.0
2013-03-12,2.84,2.88,2.8,2.82,147414033.0
2013-03-13,2.81,2.84,2.77,2.8,137056845.0
2013-03-14,2.79,2.84,2.78,2.84,125330023.0
2013-03-15,2.84,2.89,2.8,2.87,197468499.0
2013-03-18,2.85,2.86,2.8,2.8,122096977.0
2013-03-19,2.81,2.83,2.79,2.81,115664743.0
2013-03-20,2.81,2.91,2.81,2.89,217933889.0
2013-03-21,2.89,2.91,2.86,2.88,94853933.0
2013-03-22,2.88,2.89,2.86,2.88,63032306.0
2013-03-25,2.89,2.92,2.89,2.9,73721207.0
2013-03-26,2.89,2.9,2.83,2.86,107099867.0
2013-03-27,2.87,2.89,2.81,2.82,174173086.0
2013-03-28,2.8,2.8,2.64,2.7,396446248.0
2013-03-29,2.7,2.72,2.69,2.7,90165202.0
2013-04-01,2.69,2.71,2.68,2.68,83033786.0
2013-04-02,2.68,2.71,2.67,2.69,86506218.0
2013-04-03,2.71,2.76,2.7,2.73,129304479.0
2013-04-08,2.7,2.72,2.69,2.71,100115775.0
2013-04-09,2.72,2.74,2.72,2.72,84066400.0
2013-04-10,2.72,2.73,2.71,2.71,74964121.0
2013-04-11,2.73,2.74,2.69,2.7,62444115.0
2013-04-12,2.71,2.72,2.7,2.71,48095717.0
2013-04-15,2.72,2.73,2.71,2.72,98561691.0
2013-04-16,2.72,2.73,2.7,2.71,64064773.0
2013-04-17,2.72,2.72,2.68,2.69,71236875.0
2013-04-18,2.68,2.7,2.67,2.69,59191017.0
2013-04-19,2.7,2.76,2.69,2.74,128326069.0
2013-04-22,2.74,2.75,2.72,2.73,70838481.0
2013-04-23,2.73,2.74,2.68,2.69,75154022.0
2013-04-24,2.69,2.74,2.68,2.74,114833392.0
2013-04-25,2.74,2.74,2.69,2.71,116132266.0
2013-04-26,2.72,2.72,2.68,2.69,98526496.0
2013-05-02,2.69,2.71,2.66,2.7,116325999.0
2013-05-03,2.7,2.74,2.7,2.72,104708757.0
2013-05-06,2.72,2.75,2.71,2.72,90823085.0
2013-05-07,2.72,2.74,2.72,2.73,63628732.0
2013-05-08,2.74,2.76,2.73,2.75,85803032.0
2013-05-09,2.75,2.76,2.73,2.74,59961270.0
2013-05-10,2.74,2.76,2.72,2.74,102102390.0
2013-05-13,2.74,2.74,2.71,2.73,68128350.0
2013-05-14,2.72,2.73,2.69,2.7,83140144.0
2013-05-15,2.71,2.71,2.69,2.71,26566646.0
2013-05-16,2.7,2.73,2.69,2.72,74500587.0
2013-05-17,2.72,2.76,2.71,2.75,166120263.0
2013-05-20,2.76,2.8,2.75,2.76,112160845.0
2013-05-21,2.76,2.78,2.75,2.76,69171978.0
2013-05-22,2.76,2.78,2.74,2.76,60604011.0
2013-05-23,2.75,2.76,2.71,2.73,109718453.0
2013-05-24,2.73,2.74,2.71,2.73,95862456.0
2013-05-27,2.72,2.73,2.71,2.72,87805765.0
2013-05-28,2.71,2.75,2.71,2.74,155911476.0
2013-05-29,2.75,2.76,2.73,2.74,135766490.0
2013-05-30,2.73,2.75,2.73,2.73,127680505.0
2013-05-31,2.73,2.75,2.73,2.73,83002608.0
2013-06-03,2.73,2.75,2.72,2.74,109532023.0
2013-06-04,2.74,2.75,2.73,2.73,109128883.0
2013-06-05,2.73,2.75,2.73,2.74,96319277.0
2013-06-06,2.74,2.75,2.72,2.72,70882302.0
2013-06-07,2.73,2.74,2.7,2.7,73833499.0
2013-06-13,2.69,2.7,2.65,2.69,167106854.0
2013-06-14,2.68,2.72,2.67,2.71,127995524.0
2013-06-17,2.71,2.72,2.67,2.67,75311072.0
2013-06-18,2.7,2.71,2.67,2.69,66292716.0
2013-06-19,2.69,2.7,2.66,2.67,57537475.0
2013-06-20,2.67,2.67,2.59,2.6,117388580.0
2013-06-21,2.59,2.61,2.56,2.57,97462493.0
2013-06-24,2.57,2.58,2.47,2.48,174631476.0
2013-06-25,2.47,2.54,2.43,2.51,180370689.0
2013-06-26,2.52,2.53,2.47,2.52,156376937.0
2013-06-27,2.52,2.59,2.51,2.56,189908200.0
2013-06-28,2.43,2.48,2.38,2.46,215581054.0
2013-07-01,2.45,2.5,2.41,2.49,123624058.0
2013-07-02,2.49,2.53,2.47,2.5,124937306.0
2013-07-03,2.5,2.5,2.44,2.47,111485860.0
2013-07-04,2.45,2.49,2.45,2.47,67818764.0
2013-07-05,2.48,2.48,2.47,2.48,35214164.0
2013-07-08,2.47,2.49,2.45,2.49,83033739.0
2013-07-09,2.48,2.51,2.47,2.49,52090541.0
2013-07-10,2.49,2.52,2.48,2.51,73986954.0
2013-07-11,2.51,2.61,2.5,2.57,126513662.0
2013-07-12,2.56,2.57,2.51,2.51,124340934.0
2013-07-15,2.52,2.55,2.5,2.52,103686284.0
2013-07-16,2.5,2.54,2.49,2.53,82071867.0
2013-07-17,2.52,2.57,2.52,2.54,68861489.0
2013-07-18,2.54,2.56,2.51,2.52,81118256.0
2013-07-19,2.53,2.56,2.51,2.52,80342455.0
2013-07-22,2.5,2.53,2.49,2.52,78505680.0
2013-07-23,2.53,2.55,2.51,2.53,79473005.0
2013-07-24,2.53,2.54,2.5,2.52,77398045.0
2013-07-25,2.53,2.54,2.51,2.51,58800876.0
2013-07-26,2.51,2.52,2.48,2.48,58016460.0
2013-07-29,2.48,2.48,2.42,2.44,66468869.0
2013-07-30,2.45,2.49,2.43,2.45,79840707.0
2013-07-31,2.47,2.48,2.44,2.45,41718736.0
2013-08-01,2.45,2.49,2.44,2.48,70328756.0
2013-08-02,2.49,2.5,2.46,2.46,56825599.0
2013-08-05,2.47,2.48,2.45,2.47,34822578.0
2013-08-06,2.46,2.48,2.45,2.47,54746828.0
2013-08-07,2.46,2.48,2.45,2.45,53456699.0
2013-08-08,2.45,2.47,2.44,2.45,50788274.0
2013-08-09,2.46,2.46,2.44,2.46,51368078.0
2013-08-12,2.46,2.5,2.45,2.49,82349744.0
2013-08-13,2.49,2.5,2.47,2.49,96002156.0
2013-08-14,2.5,2.51,2.49,2.49,66726859.0
2013-08-15,2.5,2.51,2.48,2.48,55277205.0
2013-08-16,2.49,2.73,2.47,2.5,227717881.0
2013-08-19,2.5,2.52,2.49,2.5,73750902.0
2013-08-20,2.5,2.53,2.49,2.51,80998623.0
2013-08-21,2.52,2.52,2.48,2.49,54302556.0
2013-08-22,2.49,2.5,2.47,2.48,63501802.0
2013-08-23,2.49,2.49,2.44,2.47,75195991.0
2013-08-26,2.46,2.49,2.45,2.48,74301859.0
2013-08-27,2.48,2.49,2.45,2.47,59343598.0
2013-08-28,2.47,2.47,2.45,2.45,68146750.0
2013-08-29,2.47,2.47,2.44,2.46,59228809.0
2013-08-30,2.45,2.47,2.45,2.47,67333885.0
2013-09-02,2.47,2.47,2.45,2.46,87987064.0
2013-09-03,2.47,2.49,2.46,2.49,81638965.0
2013-09-04,2.48,2.49,2.46,2.48,67247682.0
2013-09-05,2.48,2.48,2.46,2.47,54577931.0
2013-09-06,2.46,2.48,2.46,2.47,73339281.0
2013-09-09,2.5,2.72,2.5,2.72,652657229.0
2013-09-10,2.75,2.75,2.62,2.68,434423280.0
2013-09-11,2.66,2.67,2.62,2.64,253900226.0
2013-09-12,2.64,2.74,2.61,2.67,498535985.0
2013-09-13,2.64,2.66,2.61,2.63,212479183.0
2013-09-16,2.64,2.65,2.61,2.63,137279816.0
2013-09-17,2.62,2.63,2.54,2.55,150837737.0
2013-09-18,2.56,2.57,2.53,2.54,107176377.0
2013-09-23,2.55,2.58,2.55,2.56,87058699.0
2013-09-24,2.56,2.56,2.51,2.52,158177544.0
2013-09-25,2.52,2.53,2.51,2.52,74729566.0
2013-09-26,2.51,2.52,2.48,2.49,113412603.0
2013-09-27,2.49,2.5,2.48,2.49,67336710.0
2013-09-30,2.49,2.51,2.49,2.5,51735274.0
2013-10-08,2.49,2.51,2.47,2.51,102511304.0
2013-10-09,2.5,2.51,2.49,2.51,70254663.0
2013-10-10,2.51,2.51,2.48,2.48,86991702.0
2013-10-11,2.5,2.52,2.48,2.51,156052869.0
2013-10-14,2.51,2.51,2.49,2.51,96617087.0
2013-10-15,2.5,2.51,2.49,2.49,67168731.0
2013-10-16,2.49,2.5,2.48,2.49,76399323.0
2013-10-17,2.5,2.51,2.49,2.49,63216227.0
2013-10-18,2.49,2.51,2.48,2.49,70740221.0
2013-10-21,2.49,2.52,2.48,2.51,93050184.0
2013-10-22,2.51,2.51,2.49,2.5,60978571.0
2013-10-23,2.5,2.53,2.49,2.5,100231888.0
2013-10-24,2.5,2.51,2.48,2.48,88537461.0
2013-10-25,2.48,2.52,2.48,2.48,157899194.0
2013-10-28,2.49,2.5,2.48,2.49,83874962.0
2013-10-29,2.5,2.59,2.5,2.54,246150664.0
2013-10-30,2.53,2.58,2.52,2.57,143111671.0
2013-10-31,2.57,2.57,2.54,2.55,92830237.0
2013-11-01,2.56,2.58,2.51,2.56,143969859.0
2013-11-04,2.57,2.58,2.54,2.56,77765394.0
2013-11-05,2.54,2.56,2.52,2.56,84573366.0
2013-11-06,2.54,2.55,2.53,2.53,60966205.0
2013-11-07,2.54,2.55,2.53,2.55,62301763.0
2013-11-08,2.54,2.56,2.53,2.55,75763661.0
2013-11-11,2.55,2.56,2.54,2.55,60539691.0
2013-11-12,2.55,2.57,2.55,2.55,62335386.0
2013-11-13,2.55,2.56,2.51,2.52,79285970.0
2013-11-14,2.52,2.53,2.51,2.52,69984574.0
2013-11-15,2.52,2.55,2.52,2.54,85882650.0
2013-11-18,2.54,2.6,2.53,2.59,168711180.0
2013-11-19,2.59,2.59,2.56,2.58,118013232.0
2013-11-20,2.58,2.59,2.56,2.59,82630763.0
2013-11-21,2.57,2.63,2.56,2.62,145150090.0
2013-11-22,2.62,2.63,2.6,2.6,103053083.0
2013-11-25,2.6,2.63,2.59,2.6,69730643.0
2013-11-26,2.6,2.61,2.59,2.59,39787386.0
2013-11-27,2.59,2.61,2.58,2.59,50118638.0
2013-11-28,2.6,2.63,2.59,2.62,78515605.0
2013-11-29,2.63,2.63,2.61,2.62,64896395.0
2013-12-02,2.62,2.68,2.62,2.67,162731810.0
2013-12-03,2.66,2.68,2.64,2.66,102204920.0
2013-12-04,2.65,2.68,2.64,2.66,99424703.0
2013-12-05,2.66,2.66,2.61,2.64,82654490.0
2013-12-06,2.62,2.64,2.61,2.64,90672203.0
2013-12-09,2.64,2.64,2.61,2.61,74080791.0
2013-12-10,2.61,2.63,2.6,2.61,55477823.0
2013-12-11,2.6,2.62,2.55,2.57,95646137.0
2013-12-12,2.56,2.57,2.54,2.55,81003132.0
2013-12-13,2.54,2.55,2.52,2.53,82596805.0
2013-12-16,2.54,2.55,2.52,2.53,64550023.0
2013-12-17,2.54,2.54,2.51,2.54,93901607.0
2013-12-18,2.53,2.53,2.52,2.53,46034969.0
2013-12-19,2.53,2.53,2.51,2.52,80112715.0
2013-12-20,2.52,2.52,2.44,2.45,142569916.0
2013-12-23,2.47,2.48,2.45,2.47,67986908.0
2013-12-24,2.47,2.48,2.46,2.46,52862514.0
2013-12-25,2.47,2.48,2.46,2.47,38640846.0
2013-12-26,2.46,2.47,2.42,2.44,69320929.0
2013-12-27,2.44,2.48,2.43,2.46,99197709.0
2013-12-30,2.47,2.48,2.45,2.46,67745326.0
2013-12-31,2.46,2.5,2.45,2.48,77204467.0
2014-01-02,2.48,2.48,2.45,2.47,58007158.0
2014-01-03,2.46,2.47,2.44,2.46,65319035.0
2014-01-06,2.46,2.46,2.41,2.44,103628249.0
2014-01-07,2.42,2.43,2.41,2.43,62578367.0
2014-01-08,2.42,2.43,2.41,2.42,80706713.0
2014-01-09,2.42,2.43,2.41,2.41,62909567.0
2014-01-10,2.41,2.42,2.39,2.41,91387731.0
2014-01-13,2.4,2.42,2.39,2.41,67092204.0
2014-01-14,2.41,2.42,2.4,2.41,60804750.0
2014-01-15,2.41,2.42,2.39,2.39,61573127.0
2014-01-16,2.39,2.4,2.36,2.38,121063060.0
2014-01-17,2.37,2.38,2.35,2.36,67601324.0
2014-01-20,2.36,2.38,2.35,2.36,59263005.0
2014-01-21,2.37,2.38,2.36,2.37,52002070.0
2014-01-22,2.37,2.4,2.37,2.39,118387537.0
2014-01-23,2.38,2.38,2.36,2.36,80176963.0
2014-01-24,2.36,2.38,2.36,2.37,66719628.0
2014-01-27,2.36,2.37,2.35,2.36,48672063.0
2014-01-28,2.37,2.38,2.36,2.37,72620764.0
2014-01-29,2.38,2.4,2.37,2.4,68347386.0
2014-01-30,2.39,2.4,2.37,2.38,33810844.0
2014-02-07,2.37,2.37,2.35,2.37,52286491.0
2014-02-10,2.37,2.39,2.37,2.38,94072423.0
2014-02-11,2.38,2.42,2.37,2.41,175977031.0
2014-02-12,2.4,2.42,2.39,2.41,92337401.0
2014-02-13,2.4,2.43,2.39,2.41,119629365.0
2014-02-14,2.41,2.41,2.39,2.41,66736373.0
2014-02-17,2.41,2.41,2.4,2.4,61490710.0
2014-02-18,2.4,2.41,2.38,2.38,66523489.0
2014-02-19,2.38,2.43,2.37,2.41,143612592.0
2014-02-20,2.4,2.42,2.37,2.38,120760769.0
2014-02-21,2.38,2.39,2.37,2.38,60483535.0
2014-02-24,2.37,2.37,2.33,2.35,108632662.0
2014-02-25,2.35,2.36,2.33,2.34,98793217.0
2014-02-26,2.33,2.35,2.32,2.34,69147661.0
2014-02-27,2.33,2.35,2.32,2.34,96786673.0
2014-02-28,2.34,2.34,2.32,2.33,75320115.0
2014-03-03,2.34,2.34,2.32,2.33,104470687.0
2014-03-04,2.32,2.34,2.31,2.34,106243284.0
2014-03-05,2.33,2.34,2.32,2.32,53351922.0
2014-03-06,2.32,2.33,2.31,2.32,55706964.0
2014-03-07,2.33,2.34,2.32,2.33,71083237.0
2014-03-10,2.32,2.33,2.28,2.29,89045402.0
2014-03-11,2.29,2.29,2.28,2.29,64490541.0
2014-03-12,2.29,2.3,2.27,2.29,90609177.0
2014-03-13,2.3,2.44,2.29,2.36,273061306.0
2014-03-14,2.35,2.38,2.32,2.36,184976226.0
2014-03-17,2.35,2.36,2.33,2.34,94974164.0
2014-03-18,2.34,2.34,2.32,2.34,93141226.0
2014-03-19,2.33,2.34,2.32,2.33,56793853.0
2014-03-20,2.33,2.35,2.32,2.33,96472241.0
2014-03-21,2.33,2.42,2.32,2.4,306111540.0
2014-03-24,2.41,2.42,2.38,2.4,172079569.0
2014-03-25,2.39,2.41,2.38,2.4,91715585.0
2014-03-26,2.4,2.41,2.39,2.4,101473574.0
2014-03-27,2.4,2.43,2.38,2.4,116135826.0
2014-03-28,2.4,2.45,2.4,2.43,136644447.0
2014-03-31,2.43,2.44,2.41,2.42,95415444.0
2014-04-01,2.42,2.44,2.41,2.42,55792290.0
2014-04-02,2.43,2.44,2.42,2.44,64383049.0
2014-04-03,2.44,2.44,2.36,2.39,190123974.0
2014-04-04,2.38,2.41,2.37,2.4,65625517.0
2014-04-08,2.4,2.46,2.39,2.44,172573022.0
2014-04-09,2.44,2.45,2.43,2.45,76897135.0
2014-04-10,2.44,2.49,2.43,2.46,160322901.0
2014-04-11,2.46,2.48,2.45,2.47,134009772.0
2014-04-14,2.47,2.48,2.45,2.47,61366797.0
2014-04-15,2.45,2.46,2.42,2.43,68512987.0
2014-04-16,2.43,2.45,2.42,2.44,54125128.0
2014-04-17,2.45,2.45,2.43,2.44,40772855.0
2014-04-18,2.43,2.43,2.41,2.42,76094499.0
2014-04-21,2.42,2.44,2.4,2.4,67548038.0
2014-04-22,2.4,2.42,2.4,2.41,55624172.0
2014-04-23,2.41,2.42,2.4,2.42,54581486.0
2014-04-24,2.41,2.42,2.4,2.4,51559030.0
2014-04-25,2.41,2.43,2.4,2.41,86433812.0
2014-04-28,2.41,2.43,2.4,2.42,92814167.0
2014-04-29,2.42,2.44,2.41,2.43,85845206.0
2014-04-30,2.43,2.44,2.41,2.42,47872942.0
2014-05-05,2.41,2.41,2.38,2.39,106293750.0
2014-05-06,2.39,2.4,2.38,2.39,63954878.0
2014-05-07,2.38,2.39,2.38,2.38,46398822.0
2014-05-08,2.39,2.41,2.38,2.39,51441079.0
2014-05-09,2.4,2.42,2.39,2.4,78057644.0
2014-05-12,2.41,2.44,2.4,2.42,93779086.0
2014-05-13,2.42,2.44,2.42,2.43,63140502.0
2014-05-14,2.43,2.44,2.42,2.43,38293172.0
2014-05-15,2.43,2.44,2.43,2.44,44806888.0
2014-05-16,2.44,2.46,2.43,2.45,73314380.0
2014-05-19,2.45,2.45,2.42,2.44,57990499.0
2014-05-20,2.44,2.45,2.43,2.45,69663649.0
2014-05-21,2.44,2.46,2.43,2.46,48794715.0
2014-05-22,2.45,2.48,2.45,2.46,52063589.0
2014-05-23,2.46,2.47,2.45,2.47,31764281.0
2014-05-26,2.47,2.48,2.46,2.46,43154995.0
2014-05-27,2.46,2.48,2.45,2.47,56066897.0
2014-05-28,2.47,2.5,2.46,2.48,66213104.0
2014-05-29,2.49,2.5,2.48,2.49,44196537.0
2014-05-30,2.49,2.5,2.48,2.49,45785204.0
2014-06-03,2.49,2.51,2.48,2.51,60776682.0
2014-06-04,2.5,2.51,2.48,2.48,61728947.0
2014-06-05,2.48,2.53,2.48,2.52,68929128.0
2014-06-06,2.52,2.54,2.49,2.51,79721931.0
2014-06-09,2.5,2.54,2.5,2.52,62253590.0
2014-06-10,2.52,2.55,2.51,2.55,80869850.0
2014-06-11,2.54,2.56,2.53,2.55,61825570.0
2014-06-12,2.54,2.55,2.54,2.55,46601286.0
2014-06-13,2.54,2.58,2.54,2.58,107204469.0
2014-06-16,2.58,2.59,2.55,2.58,126600142.0
2014-06-17,2.57,2.58,2.55,2.57,87823418.0
2014-06-18,2.56,2.57,2.51,2.52,122176717.0
2014-06-19,2.52,2.53,2.48,2.49,86149348.0
2014-06-20,2.49,2.52,2.48,2.51,57660435.0
2014-06-23,2.52,2.52,2.49,2.5,58205880.0
2014-06-24,2.51,2.51,2.5,2.5,34026304.0
2014-06-25,2.5,2.51,2.5,2.51,36246002.0
2014-06-26,2.51,2.53,2.5,2.53,53135820.0
2014-06-27,2.53,2.53,2.51,2.52,45202761.0
2014-06-30,2.53,2.53,2.52,2.52,59697623.0
2014-07-01,2.53,2.53,2.51,2.53,74836398.0
2014-07-02,2.52,2.54,2.51,2.52,115497351.0
2014-07-03,2.35,2.37,2.34,2.36,96506264.0
2014-07-04,2.36,2.37,2.35,2.36,51629880.0
2014-07-07,2.36,2.37,2.35,2.37,87780477.0
2014-07-08,2.37,2.38,2.35,2.37,67936533.0
2014-07-09,2.37,2.37,2.35,2.35,67700113.0
2014-07-10,2.35,2.36,2.35,2.36,45614801.0
2014-07-11,2.36,2.37,2.35,2.35,54611032.0
2014-07-14,2.36,2.36,2.35,2.36,83630539.0
2014-07-15,2.36,2.37,2.36,2.37,69094815.0
2014-07-16,2.37,2.37,2.36,2.37,87282035.0
2014-07-17,2.37,2.37,2.35,2.37,65306186.0
2014-07-18,2.36,2.37,2.35,2.36,63066428.0
2014-07-21,2.36,2.37,2.35,2.36,57422013.0
2014-07-22,2.36,2.37,2.35,2.36,128271711.0
2014-07-23,2.36,2.37,2.35,2.36,140037306.0
2014-07-24,2.36,2.41,2.36,2.4,181943422.0
2014-07-25,2.41,2.46,2.4,2.45,145703809.0
2014-07-28,2.46,2.54,2.45,2.53,296383132.0
2014-07-29,2.53,2.54,2.5,2.52,179429158.0
2014-07-30,2.51,2.53,2.48,2.49,193424954.0
2014-07-31,2.49,2.52,2.47,2.52,183175160.0
2014-08-01,2.51,2.57,2.5,2.52,240168007.0
2014-08-04,2.53,2.54,2.51,2.53,154113973.0
2014-08-05,2.54,2.55,2.52,2.53,134652981.0
2014-08-06,2.53,2.54,2.5,2.53,137825800.0
2014-08-07,2.53,2.54,2.49,2.49,125412902.0
2014-08-08,2.5,2.51,2.48,2.5,108872959.0
2014-08-11,2.51,2.53,2.5,2.52,80385796.0
2014-08-12,2.52,2.53,2.5,2.51,77972802.0
2014-08-13,2.51,2.52,2.49,2.51,128507426.0
2014-08-14,2.5,2.52,2.49,2.5,123949250.0
2014-08-15,2.51,2.52,2.49,2.52,95062662.0
2014-08-18,2.52,2.52,2.5,2.5,96714845.0
2014-08-19,2.5,2.52,2.5,2.51,152261756.0
2014-08-20,2.51,2.51,2.49,2.5,69961731.0
2014-08-21,2.5,2.51,2.47,2.48,119562627.0
2014-08-22,2.48,2.49,2.47,2.48,112642374.0
2014-08-25,2.48,2.49,2.46,2.46,98612284.0
2014-08-26,2.46,2.47,2.45,2.46,95495822.0
2014-08-27,2.45,2.46,2.44,2.45,55448850.0
2014-08-28,2.44,2.45,2.41,2.41,75657677.0
2014-08-29,2.42,2.44,2.41,2.43,90323038.0
2014-09-01,2.44,2.45,2.42,2.44,110201076.0
2014-09-02,2.44,2.48,2.44,2.47,146745469.0
2014-09-03,2.48,2.51,2.47,2.5,140760393.0
2014-09-04,2.5,2.52,2.49,2.51,95434550.0
2014-09-05,2.52,2.53,2.51,2.52,111097256.0
2014-09-09,2.53,2.53,2.51,2.51,87943423.0
2014-09-10,2.51,2.51,2.48,2.49,118472541.0
2014-09-11,2.49,2.51,2.48,2.48,156334158.0
2014-09-12,2.48,2.5,2.47,2.5,74291406.0
2014-09-15,2.49,2.49,2.47,2.48,113939965.0
2014-09-16,2.49,2.53,2.48,2.5,271938203.0
2014-09-17,2.49,2.5,2.48,2.49,174592386.0
2014-09-18,2.48,2.51,2.47,2.5,176363915.0
2014-09-19,2.5,2.5,2.48,2.5,126936859.0
2014-09-22,2.49,2.49,2.45,2.45,121634838.0
2014-09-23,2.45,2.47,2.45,2.46,88711696.0
2014-09-24,2.46,2.5,2.45,2.48,181587220.0
2014-09-25,2.5,2.51,2.48,2.49,156237203.0
2014-09-26,2.48,2.5,2.48,2.49,83087175.0
2014-09-29,2.49,2.5,2.47,2.48,143507132.0
2014-09-30,2.49,2.49,2.47,2.49,136327921.0
2014-10-08,2.49,2.49,2.47,2.49,125732847.0
2014-10-09,2.49,2.5,2.48,2.49,108967225.0
2014-10-10,2.48,2.49,2.47,2.48,124969592.0
2014-10-13,2.47,2.48,2.45,2.46,130343204.0
2014-10-14,2.45,2.48,2.45,2.46,133029512.0
2014-10-15,2.46,2.48,2.45,2.47,134971671.0
2014-10-16,2.47,2.5,2.46,2.48,196460267.0
2014-10-17,2.48,2.48,2.45,2.46,165356143.0
2014-10-20,2.47,2.48,2.46,2.47,117215108.0
2014-10-21,2.47,2.48,2.45,2.46,157141146.0
2014-10-22,2.46,2.47,2.45,2.46,119390104.0
2014-10-23,2.47,2.47,2.45,2.45,125577452.0
2014-10-24,2.45,2.46,2.44,2.45,72385253.0
2014-10-27,2.44,2.45,2.42,2.43,116632835.0
2014-10-28,2.43,2.45,2.42,2.45,108501444.0
2014-10-29,2.45,2.48,2.45,2.48,182275203.0
2014-10-30,2.47,2.52,2.46,2.5,293295230.0
2014-10-31,2.5,2.59,2.5,2.56,636079753.0
2014-11-03,2.55,2.56,2.53,2.54,317516547.0
2014-11-04,2.54,2.55,2.52,2.54,220868369.0
2014-11-05,2.53,2.54,2.49,2.5,332531899.0
2014-11-06,2.5,2.51,2.49,2.5,155934885.0
2014-11-07,2.5,2.54,2.48,2.49,346261239.0
2014-11-10,2.51,2.56,2.5,2.55,494305657.0
2014-11-11,2.56,2.77,2.56,2.69,1288103959.0
2014-11-12,2.65,2.66,2.61,2.65,452892357.0
2014-11-13,2.66,2.7,2.63,2.64,506919023.0
2014-11-14,2.65,2.68,2.62,2.67,350516464.0
2014-11-17,2.7,2.71,2.6,2.61,361587944.0
2014-11-18,2.62,2.62,2.53,2.54,438078270.0
2014-11-19,2.54,2.55,2.52,2.54,197656967.0
2014-11-20,2.53,2.55,2.52,2.54,220368648.0
2014-11-21,2.54,2.58,2.52,2.57,278777440.0
2014-11-24,2.53,2.58,2.52,2.56,502357849.0
2014-11-25,2.56,2.62,2.55,2.61,436383565.0
2014-11-26,2.61,2.69,2.6,2.66,456933881.0
2014-11-27,2.69,2.71,2.64,2.69,594608703.0
2014-11-28,2.68,2.86,2.67,2.85,1486854150.0
2014-12-01,2.86,2.96,2.81,2.82,1069536829.0
2014-12-02,2.8,3.01,2.78,2.96,1100345115.0
2014-12-03,2.97,3.04,2.87,2.92,1215175101.0
2014-12-04,2.94,3.06,2.9,3.05,1079702220.0
2014-12-05,3.08,3.33,3.01,3.31,1802728626.0
2014-12-08,3.25,3.45,3.14,3.36,1508335718.0
2014-12-09,3.28,3.37,3.02,3.05,1829491902.0
2014-12-10,3.05,3.13,2.9,3.1,1190955709.0
2014-12-11,3.05,3.12,3.01,3.05,738801272.0
2014-12-12,3.05,3.1,3.03,3.04,537403723.0
2014-12-15,3.02,3.02,2.96,3.0,502633131.0
2014-12-16,3.04,3.1,3.02,3.1,729979991.0
2014-12-17,3.11,3.3,3.08,3.24,1611248144.0
2014-12-18,3.25,3.26,3.13,3.16,802369225.0
2014-12-19,3.16,3.26,3.14,3.24,947006665.0
2014-12-22,3.29,3.56,3.27,3.56,2362692374.0
2014-12-23,3.42,3.52,3.32,3.36,1433843808.0
2014-12-24,3.36,3.39,3.16,3.21,922113276.0
2014-12-25,3.27,3.36,3.21,3.34,936537059.0
2014-12-26,3.34,3.48,3.3,3.46,950674854.0
2014-12-29,3.56,3.62,3.38,3.44,1227369554.0
2014-12-30,3.44,3.59,3.41,3.54,934092254.0
2014-12-31,3.55,3.77,3.5,3.71,1363736707.0
2015-01-05,3.79,3.92,3.72,3.89,1440479628.0
2015-01-06,3.81,4.13,3.78,3.95,1509285929.0
2015-01-07,3.9,3.99,3.82,3.89,963318748.0
2015-01-08,3.9,3.93,3.71,3.73,845680805.0
2015-01-09,3.7,4.02,3.64,3.76,1649017796.0
2015-01-12,3.7,3.76,3.6,3.67,825547123.0
2015-01-13,3.65,3.7,3.62,3.66,437598437.0
2015-01-14,3.67,3.79,3.67,3.73,650140985.0
2015-01-15,3.72,3.87,3.68,3.86,800204224.0
2015-01-16,3.89,3.99,3.86,3.94,1003820022.0
2015-01-19,3.67,3.78,3.55,3.55,1024136180.0
2015-01-20,3.53,3.64,3.48,3.57,750624506.0
2015-01-21,3.59,3.82,3.55,3.77,1012054031.0
2015-01-22,3.76,3.76,3.66,3.73,706251415.0
2015-01-23,3.74,3.84,3.71,3.74,896948135.0
2015-01-26,3.73,3.73,3.65,3.71,539173270.0
2015-01-27,3.71,3.71,3.55,3.62,666068061.0
2015-01-28,3.59,3.65,3.56,3.58,376861155.0
2015-01-29,3.51,3.55,3.47,3.5,525151028.0
2015-01-30,3.52,3.55,3.45,3.46,365558794.0
2015-02-02,3.38,3.42,3.31,3.33,415574624.0
2015-02-03,3.35,3.42,3.33,3.4,372506404.0
2015-02-04,3.41,3.45,3.35,3.36,315805990.0
2015-02-05,3.56,3.57,3.3,3.32,1161271875.0
2015-02-06,3.29,3.31,3.18,3.22,569160598.0
2015-02-09,3.2,3.26,3.15,3.23,502297961.0
2015-02-10,3.22,3.29,3.2,3.27,477545782.0
2015-02-11,3.27,3.28,3.24,3.26,267805257.0
2015-02-12,3.26,3.27,3.21,3.25,265354154.0
2015-02-13,3.26,3.35,3.25,3.31,849197063.0
2015-02-16,3.3,3.31,3.27,3.29,320472804.0
2015-02-17,3.3,3.34,3.29,3.31,369734272.0
2015-02-25,3.31,3.31,3.31,3.31,0.0
2015-02-26,3.28,3.36,3.25,3.35,579857823.0
2015-02-27,3.35,3.37,3.32,3.34,433135313.0
2015-03-02,3.36,3.36,3.32,3.36,522923527.0
2015-03-03,3.34,3.34,3.24,3.24,574248517.0
2015-03-04,3.24,3.26,3.19,3.22,474576998.0
2015-03-05,3.2,3.21,3.1,3.14,610891421.0
2015-03-06,3.13,3.16,3.12,3.15,443968200.0
2015-03-09,3.15,3.33,3.1,3.29,1175954350.0
2015-03-10,3.25,3.25,3.19,3.2,722650178.0
2015-03-11,3.2,3.27,3.19,3.22,666394055.0
2015-03-12,3.26,3.36,3.24,3.32,1237632473.0
2015-03-13,3.33,3.39,3.29,3.32,923046449.0
2015-03-16,3.34,3.37,3.31,3.36,826117197.0
2015-03-17,3.38,3.41,3.36,3.4,1002348154.0
2015-03-18,3.41,3.53,3.4,3.52,1339413101.0
2015-03-19,3.53,3.54,3.46,3.48,1053768652.0
2015-03-20,3.48,3.59,3.48,3.56,1265646044.0
2015-03-23,3.6,3.63,3.57,3.62,1186262388.0
2015-03-24,3.62,3.84,3.58,3.73,2121240477.0
2015-03-25,3.71,3.79,3.62,3.64,1769962026.0
2015-03-26,3.6,3.69,3.55,3.65,1264754411.0
2015-03-27,3.65,3.67,3.6,3.64,1007100474.0
2015-03-30,3.66,3.75,3.63,3.74,1612000807.0
2015-03-31,3.78,3.81,3.65,3.67,1550134305.0
2015-04-01,3.65,3.71,3.64,3.69,1022280686.0
2015-04-02,3.7,3.71,3.62,3.65,1034508356.0
2015-04-03,3.62,3.66,3.61,3.66,936586254.0
2015-04-07,3.7,3.77,3.69,3.77,1718875626.0
2015-04-08,3.77,3.81,3.71,3.81,1622981187.0
2015-04-09,3.81,3.88,3.76,3.77,1611898445.0
2015-04-10,3.76,3.82,3.74,3.81,1339776019.0
2015-04-13,3.88,3.96,3.83,3.92,2474038260.0
2015-04-14,3.9,3.9,3.84,3.87,1530056065.0
2015-04-15,3.87,3.98,3.85,3.9,2391276125.0
2015-04-16,3.88,3.97,3.84,3.97,1791901149.0
2015-04-17,4.03,4.06,3.97,4.03,2204309897.0
2015-04-20,4.09,4.09,3.93,3.95,2846928515.0
2015-04-21,3.93,4.0,3.91,3.99,1262194333.0
2015-04-22,4.01,4.05,3.98,4.04,1592638179.0
2015-04-23,4.04,4.04,3.98,4.01,1301567915.0
2015-04-24,3.95,3.96,3.87,3.92,1380512393.0
2015-04-27,3.93,4.02,3.92,4.0,1506752067.0
2015-04-28,4.02,4.25,4.0,4.11,3004523653.0
2015-04-29,4.03,4.05,3.96,4.02,1354372950.0
2015-04-30,4.02,4.04,3.95,3.96,1139362708.0
2015-05-04,3.96,3.96,3.91,3.95,955254706.0
2015-05-05,3.94,3.94,3.74,3.77,1340400821.0
2015-05-06,3.77,3.85,3.69,3.72,1025812805.0
2015-05-07,3.72,3.73,3.64,3.65,897443970.0
2015-05-08,3.68,3.7,3.64,3.7,713341760.0
2015-05-11,3.7,3.75,3.65,3.74,1016831907.0
2015-05-12,3.75,3.77,3.71,3.75,889964966.0
2015-05-13,3.76,3.78,3.71,3.72,811695211.0
2015-05-14,3.73,3.74,3.7,3.71,660773872.0
2015-05-15,3.7,3.71,3.63,3.66,706681828.0
2015-05-18,3.63,3.64,3.6,3.61,596731116.0
2015-05-19,3.6,3.71,3.59,3.7,786131856.0
2015-05-20,3.7,3.74,3.67,3.69,909401221.0
2015-05-21,3.69,3.69,3.66,3.68,693155391.0
2015-05-22,3.71,3.79,3.7,3.79,1209892186.0
2015-05-25,3.8,3.9,3.79,3.89,1228721605.0
2015-05-26,3.93,3.93,3.84,3.9,1023789707.0
2015-05-27,3.89,3.91,3.84,3.87,956347118.0
2015-05-28,3.86,3.88,3.66,3.67,1654293072.0
2015-05-29,3.66,3.7,3.58,3.64,1163127127.0
2015-06-01,3.64,3.78,3.61,3.77,1332846350.0
2015-06-02,3.75,3.79,3.7,3.76,1204272467.0
2015-06-03,3.78,3.79,3.69,3.74,983487687.0
2015-06-04,3.75,3.89,3.71,3.85,1991367285.0
2015-06-05,3.9,3.93,3.79,3.85,1571894753.0
2015-06-08,3.86,4.15,3.83,4.12,3602374323.0
2015-06-09,4.12,4.17,3.98,4.04,2486029548.0
2015-06-10,4.0,4.01,3.96,3.99,1437692958.0
2015-06-11,3.98,4.0,3.92,3.95,1185249050.0
2015-06-12,3.95,3.97,3.91,3.97,1234531621.0
2015-06-15,3.96,3.97,3.86,3.87,1239574687.0
2015-06-16,3.84,3.91,3.78,3.82,1193247296.0
2015-06-17,3.87,3.89,3.8,3.86,1159486954.0
2015-06-18,3.84,3.84,3.72,3.74,998386176.0
2015-06-19,3.7,3.74,3.54,3.56,1017721164.0
2015-06-23,3.59,3.7,3.52,3.7,1004187633.0
2015-06-24,3.71,3.75,3.67,3.75,963995235.0
2015-06-25,3.82,3.85,3.66,3.69,1108228070.0
2015-06-26,3.64,3.7,3.42,3.53,1434696470.0
2015-06-29,3.6,3.63,3.35,3.54,1619700290.0
2015-06-30,3.54,3.72,3.47,3.71,1676155247.0
2015-07-01,3.66,3.69,3.57,3.59,1132060003.0
2015-07-02,3.61,3.67,3.45,3.63,1416172314.0
2015-07-03,3.58,3.64,3.45,3.51,1407513412.0
2015-07-06,3.8,3.86,3.65,3.86,4372088022.0
2015-07-07,3.8,4.19,3.77,4.12,3741099332.0
2015-07-08,3.95,4.12,3.71,3.93,3975365115.0
2015-07-09,3.93,4.22,3.79,4.13,3028478700.0
2015-07-10,3.87,4.16,3.81,3.94,3427356098.0
2015-07-13,3.84,3.85,3.75,3.78,2140817636.0
2015-07-14,3.72,3.77,3.62,3.71,1519114513.0
2015-07-15,3.68,3.81,3.66,3.8,1551969176.0
2015-07-16,3.8,3.88,3.72,3.76,1216628980.0
2015-07-17,3.77,3.78,3.71,3.76,813272388.0
2015-07-20,3.75,3.76,3.71,3.73,731852904.0
2015-07-21,3.71,3.73,3.66,3.7,729855160.0
2015-07-22,3.68,3.7,3.66,3.67,547586530.0
2015-07-23,3.67,3.71,3.66,3.7,634324016.0
2015-07-24,3.69,3.7,3.65,3.65,641667943.0
2015-07-27,3.62,3.63,3.4,3.42,1037223454.0
2015-07-28,3.38,3.54,3.36,3.45,861345515.0
2015-07-29,3.44,3.47,3.41,3.46,521866292.0
2015-07-30,3.45,3.46,3.4,3.41,425132011.0
2015-07-31,3.39,3.45,3.37,3.44,543469490.0
2015-08-03,3.42,3.53,3.41,3.51,878813695.0
2015-08-04,3.5,3.52,3.47,3.52,332668092.0
2015-08-05,3.5,3.51,3.45,3.45,281082078.0
2015-08-06,3.43,3.47,3.42,3.43,220807608.0
2015-08-07,3.44,3.47,3.43,3.45,248147745.0
2015-08-10,3.43,3.52,3.42,3.51,556307892.0
2015-08-11,3.49,3.5,3.45,3.48,429786968.0
2015-08-12,3.46,3.46,3.43,3.44,298020067.0
2015-08-13,3.44,3.45,3.4,3.45,337145173.0
2015-08-14,3.43,3.44,3.42,3.43,292240863.0
2015-08-17,3.42,3.43,3.39,3.41,389115880.0
2015-08-18,3.4,3.43,3.35,3.36,559367622.0
2015-08-19,3.33,3.36,3.26,3.34,615498702.0
2015-08-20,3.36,3.39,3.32,3.32,383943510.0
2015-08-21,3.3,3.37,3.28,3.32,598079151.0
2015-08-24,3.28,3.28,2.99,3.01,973909787.0
2015-08-25,2.9,3.02,2.71,2.74,934437718.0
2015-08-26,2.8,2.91,2.74,2.83,850767887.0
2015-08-27,2.84,3.0,2.78,2.98,799960741.0
2015-08-28,2.99,3.03,2.94,3.01,691107385.0
2015-08-31,2.98,3.0,2.91,2.99,552897259.0
2015-09-01,2.98,3.21,2.95,3.16,1449029979.0
2015-09-02,3.06,3.39,3.04,3.37,1995668817.0
2015-09-07,3.26,3.27,3.1,3.12,644333591.0
2015-09-08,3.1,3.18,3.07,3.15,429955721.0
2015-09-09,3.14,3.18,3.11,3.17,404205268.0
2015-09-10,3.14,3.19,3.13,3.17,279667339.0
2015-09-11,3.15,3.17,3.12,3.14,184052594.0
2015-09-14,3.14,3.22,3.06,3.14,521679834.0
2015-09-15,3.11,3.17,3.1,3.16,486950951.0
2015-09-16,3.14,3.21,3.1,3.17,336386036.0
2015-09-17,3.15,3.19,3.13,3.15,255866060.0
2015-09-18,3.15,3.17,3.13,3.14,254358721.0
2015-09-21,3.13,3.14,3.1,3.12,263096179.0
2015-09-22,3.12,3.15,3.11,3.14,191081585.0
2015-09-23,3.12,3.13,3.09,3.1,182413705.0
2015-09-24,3.1,3.11,3.08,3.09,141032322.0
2015-09-25,3.08,3.11,3.06,3.11,206546996.0
2015-09-28,3.09,3.1,3.07,3.08,92848533.0
2015-09-29,3.07,3.07,3.02,3.03,194315252.0
2015-09-30,3.03,3.06,3.02,3.03,147061790.0
2015-10-08,3.08,3.1,3.06,3.08,217589328.0
2015-10-09,3.08,3.1,3.07,3.09,183710093.0
2015-10-12,3.1,3.16,3.09,3.15,330039979.0
2015-10-13,3.14,3.15,3.12,3.13,162429565.0
2015-10-14,3.12,3.13,3.1,3.1,162436580.0
2015-10-15,3.1,3.14,3.09,3.13,170440456.0
2015-10-16,3.14,3.15,3.12,3.14,246333664.0
2015-10-19,3.15,3.15,3.11,3.13,282719883.0
2015-10-20,3.12,3.14,3.12,3.14,188113447.0
2015-10-21,3.14,3.2,3.12,3.19,606820562.0
2015-10-22,3.15,3.18,3.13,3.15,312783220.0
2015-10-23,3.15,3.17,3.14,3.16,259948542.0
2015-10-26,3.18,3.19,3.15,3.17,268570118.0
2015-10-27,3.16,3.17,3.14,3.15,226456249.0
2015-10-28,3.15,3.16,3.13,3.15,196550502.0
2015-10-29,3.14,3.15,3.13,3.13,148840396.0
2015-10-30,3.13,3.15,3.12,3.14,161541681.0
2015-11-02,3.13,3.15,3.11,3.11,215639907.0
2015-11-03,3.11,3.12,3.06,3.07,216745120.0
2015-11-04,3.07,3.15,3.06,3.15,406719323.0
2015-11-05,3.14,3.25,3.12,3.2,812518478.0
2015-11-06,3.18,3.21,3.16,3.2,489429058.0
2015-11-09,3.23,3.38,3.23,3.33,1016779465.0
2015-11-10,3.3,3.33,3.27,3.29,464592428.0
2015-11-11,3.29,3.29,3.23,3.27,362290922.0
2015-11-12,3.26,3.27,3.22,3.23,221999862.0
2015-11-13,3.22,3.25,3.2,3.21,232790702.0
2015-11-16,3.19,3.23,3.18,3.23,205150005.0
2015-11-17,3.23,3.28,3.22,3.24,387493871.0
2015-11-18,3.23,3.27,3.21,3.25,361593828.0
2015-11-19,3.24,3.25,3.21,3.24,264656769.0
2015-11-20,3.24,3.25,3.21,3.23,312610785.0
2015-11-23,3.22,3.23,3.2,3.21,222600480.0
2015-11-24,3.2,3.21,3.18,3.2,308058204.0
2015-11-25,3.19,3.23,3.18,3.23,274433263.0
2015-11-26,3.22,3.24,3.21,3.22,198603831.0
2015-11-27,3.21,3.22,3.1,3.13,304923267.0
2015-11-30,3.13,3.17,3.11,3.15,327123992.0
2015-12-01,3.14,3.14,3.11,3.12,205291453.0
2015-12-02,3.12,3.25,3.11,3.24,663576740.0
2015-12-03,3.22,3.39,3.21,3.34,1064056422.0
2015-12-04,3.32,3.34,3.28,3.3,549862401.0
2015-12-07,3.3,3.31,3.26,3.27,177933178.0
2015-12-08,3.25,3.26,3.18,3.21,239619891.0
2015-12-09,3.19,3.25,3.18,3.23,160781232.0
2015-12-10,3.22,3.26,3.2,3.23,175665673.0
2015-12-11,3.21,3.24,3.19,3.23,242398577.0
2015-12-14,3.2,3.28,3.2,3.28,277725633.0
2015-12-15,3.27,3.28,3.23,3.24,127982773.0
2015-12-16,3.25,3.26,3.23,3.24,112936081.0
2015-12-17,3.24,3.28,3.24,3.27,211274050.0
2015-12-18,3.25,3.34,3.25,3.28,271338760.0
2015-12-21,3.26,3.34,3.26,3.31,357199463.0
2015-12-22,3.31,3.32,3.28,3.31,181691228.0
2015-12-23,3.3,3.34,3.28,3.3,263533868.0
2015-12-24,3.3,3.31,3.25,3.28,247053926.0
2015-12-25,3.28,3.29,3.26,3.27,121916669.0
2015-12-28,3.27,3.28,3.2,3.2,254659904.0
2015-12-29,3.21,3.24,3.2,3.24,145928282.0
2015-12-30,3.23,3.24,3.21,3.23,126880332.0
2015-12-31,3.23,3.25,3.22,3.23,158248128.0
2016-01-04,3.24,3.24,3.11,3.12,191312700.0
2016-01-05,3.1,3.17,3.08,3.16,321545621.0
2016-01-06,3.15,3.19,3.14,3.18,168419990.0
2016-01-07,3.16,3.17,3.1,3.11,67693020.0
2016-01-08,3.14,3.17,3.11,3.16,269691052.0
2016-01-11,3.14,3.15,3.09,3.09,286388562.0
2016-01-12,3.11,3.14,3.09,3.13,176341923.0
2016-01-13,3.13,3.15,3.11,3.12,153620760.0
2016-01-14,3.09,3.12,3.06,3.12,273862605.0
2016-01-15,3.11,3.11,3.06,3.07,214673803.0
2016-01-18,3.05,3.11,3.03,3.07,213964440.0
2016-01-19,3.08,3.12,3.06,3.11,143495734.0
2016-01-20,3.1,3.12,3.08,3.11,188436819.0
2016-01-21,3.08,3.13,3.08,3.09,172707114.0
2016-01-22,3.1,3.11,3.07,3.11,151552019.0
2016-01-25,3.09,3.1,3.07,3.1,161366523.0
2016-01-26,3.08,3.09,2.93,2.95,220748676.0
2016-01-27,2.95,2.97,2.89,2.95,239965022.0
2016-01-28,2.95,2.96,2.91,2.91,159022593.0
2016-01-29,2.91,3.0,2.91,2.99,198777082.0
2016-02-01,2.99,2.99,2.92,2.94,100792967.0
2016-02-02,2.94,2.97,2.93,2.96,118978571.0
2016-02-03,2.94,2.95,2.9,2.92,104308968.0
2016-02-04,2.93,2.95,2.92,2.93,86465184.0
2016-02-05,2.93,2.94,2.91,2.92,65693012.0
2016-02-15,2.87,2.91,2.85,2.89,91231105.0
2016-02-16,2.9,2.95,2.89,2.95,128065212.0
2016-02-17,2.94,2.98,2.93,2.97,138060751.0
2016-02-18,2.98,2.98,2.95,2.97,146301356.0
2016-02-19,2.96,2.98,2.94,2.95,122387769.0
2016-02-22,2.98,3.03,2.96,3.0,167722947.0
2016-02-23,3.0,3.0,2.96,2.98,126381163.0
2016-02-24,2.96,2.99,2.96,2.98,95247885.0
2016-02-25,2.98,2.98,2.9,2.92,231515194.0
2016-02-26,2.93,2.97,2.92,2.96,140532474.0
2016-02-29,2.95,2.99,2.91,2.99,260584606.0
2016-03-01,2.98,3.01,2.96,2.99,142663210.0
2016-03-02,3.0,3.05,2.99,3.05,220580175.0
2016-03-03,3.04,3.08,3.03,3.08,186818827.0
2016-03-04,3.07,3.21,3.05,3.2,527131148.0
2016-03-07,3.18,3.19,3.15,3.18,170029581.0
2016-03-08,3.17,3.19,3.09,3.18,224940796.0
2016-03-09,3.15,3.22,3.12,3.21,231588339.0
2016-03-10,3.18,3.19,3.14,3.15,117998586.0
2016-03-11,3.14,3.2,3.13,3.19,138208556.0
2016-03-14,3.18,3.2,3.16,3.19,147144611.0
2016-03-15,3.19,3.2,3.14,3.19,178768173.0
2016-03-16,3.17,3.25,3.17,3.25,452161580.0
2016-03-17,3.24,3.25,3.2,3.21,178954399.0
2016-03-18,3.22,3.22,3.19,3.22,229670454.0
2016-03-21,3.21,3.23,3.2,3.21,244457300.0
2016-03-22,3.21,3.22,3.18,3.18,120630301.0
2016-03-23,3.18,3.2,3.17,3.18,92469604.0
2016-03-24,3.18,3.18,3.15,3.16,80972356.0
2016-03-25,3.16,3.18,3.15,3.16,56264415.0
2016-03-28,3.16,3.18,3.15,3.15,85593474.0
2016-03-29,3.16,3.17,3.14,3.15,107390436.0
2016-03-30,3.16,3.21,3.15,3.2,125128853.0
2016-03-31,3.2,3.21,3.18,3.2,82084460.0
2016-04-01,3.19,3.21,3.16,3.2,115540568.0
2016-04-05,3.18,3.22,3.17,3.21,154261933.0
2016-04-06,3.19,3.2,3.18,3.18,80577683.0
2016-04-07,3.19,3.19,3.15,3.16,85265479.0
2016-04-08,3.15,3.17,3.14,3.16,77771453.0
2016-04-11,3.15,3.19,3.15,3.17,98695041.0
2016-04-12,3.17,3.18,3.15,3.16,61799224.0
2016-04-13,3.16,3.21,3.16,3.19,190848393.0
2016-04-14,3.2,3.21,3.18,3.19,74704127.0
2016-04-15,3.19,3.2,3.17,3.18,72866592.0
2016-04-18,3.17,3.18,3.15,3.16,77449645.0
2016-04-19,3.16,3.17,3.15,3.16,68066749.0
2016-04-20,3.16,3.17,3.08,3.14,238400690.0
2016-04-21,3.13,3.14,3.11,3.11,77542574.0
2016-04-22,3.11,3.14,3.11,3.13,84042303.0
2016-04-25,3.13,3.14,3.1,3.13,80715873.0
2016-04-26,3.13,3.14,3.12,3.13,55355835.0
2016-04-27,3.14,3.14,3.12,3.12,40773997.0
2016-04-28,3.13,3.14,3.12,3.13,60728490.0
2016-04-29,3.12,3.13,3.11,3.12,70840648.0
2016-05-03,3.12,3.15,3.11,3.14,108140341.0
2016-05-04,3.13,3.14,3.12,3.13,70887845.0
2016-05-05,3.13,3.13,3.11,3.13,67952928.0
2016-05-06,3.13,3.13,3.1,3.1,114428566.0
2016-05-09,3.1,3.1,3.06,3.07,97234757.0
2016-05-10,3.06,3.08,3.05,3.07,85097736.0
2016-05-11,3.07,3.08,3.05,3.07,94672027.0
2016-05-12,3.06,3.07,3.04,3.05,83904533.0
2016-05-13,3.05,3.07,3.04,3.05,69974225.0
2016-05-16,3.05,3.06,3.04,3.06,47121242.0
2016-05-17,3.06,3.06,3.05,3.06,57909586.0
2016-05-18,3.05,3.07,3.03,3.06,137448774.0
2016-05-19,3.06,3.08,3.05,3.07,90608094.0
2016-05-20,3.07,3.08,3.06,3.08,76828475.0
2016-05-23,3.08,3.1,3.07,3.09,84463424.0
2016-05-24,3.1,3.1,3.08,3.09,55033433.0
2016-05-25,3.1,3.11,3.09,3.1,44418676.0
2016-05-26,3.1,3.11,3.09,3.1,70441921.0
2016-05-27,3.1,3.11,3.09,3.1,66533373.0
2016-05-30,3.11,3.13,3.09,3.13,78085853.0
2016-05-31,3.12,3.2,3.12,3.19,153315787.0
2016-06-01,3.19,3.19,3.16,3.16,110451631.0
2016-06-02,3.16,3.17,3.16,3.16,63400105.0
2016-06-03,3.17,3.19,3.15,3.19,83598677.0
2016-06-06,3.19,3.19,3.17,3.18,67287944.0
2016-06-07,3.19,3.19,3.17,3.17,49912395.0
2016-06-08,3.18,3.18,3.16,3.18,61774463.0
2016-06-13,3.16,3.18,3.14,3.15,95433991.0
2016-06-14,3.14,3.18,3.14,3.16,88728185.0
2016-06-15,3.15,3.18,3.14,3.16,75842421.0
2016-06-16,3.16,3.17,3.15,3.16,59561973.0
2016-06-17,3.16,3.18,3.15,3.17,67923175.0
2016-06-20,3.18,3.18,3.16,3.18,40558594.0
2016-06-21,3.17,3.18,3.16,3.17,55378295.0
2016-06-22,3.17,3.18,3.16,3.17,71536468.0
2016-06-23,3.18,3.19,3.17,3.18,56892488.0
2016-06-24,3.18,3.19,3.15,3.17,82645973.0
2016-06-27,3.16,3.17,3.15,3.17,56943797.0
2016-06-28,3.16,3.17,3.15,3.17,49843140.0
2016-06-29,3.17,3.19,3.16,3.18,68868497.0
2016-06-30,3.19,3.21,3.18,3.2,108019322.0
2016-07-01,3.21,3.23,3.2,3.22,80896224.0
2016-07-04,3.22,3.27,3.21,3.27,109684873.0
2016-07-05,3.27,3.28,3.25,3.27,89546909.0
2016-07-06,3.27,3.29,3.25,3.28,153789504.0
2016-07-07,3.12,3.12,3.09,3.1,159307876.0
2016-07-08,3.09,3.1,3.07,3.07,86560614.0
2016-07-11,3.08,3.1,3.07,3.08,76033200.0
2016-07-12,3.08,3.14,3.08,3.13,147877927.0
2016-07-13,3.12,3.16,3.11,3.15,177260784.0
2016-07-14,3.14,3.14,3.11,3.12,104013117.0
2016-07-15,3.12,3.13,3.11,3.12,88991442.0
2016-07-18,3.11,3.14,3.11,3.12,122083081.0
2016-07-19,3.12,3.13,3.1,3.1,95579130.0
2016-07-20,3.1,3.11,3.08,3.09,67466723.0
2016-07-21,3.09,3.11,3.08,3.1,65674020.0
2016-07-22,3.1,3.1,3.08,3.09,59655938.0
2016-07-25,3.08,3.1,3.08,3.1,72608616.0
2016-07-26,3.09,3.12,3.09,3.12,72561301.0
2016-07-27,3.12,3.12,3.08,3.12,161162063.0
2016-07-28,3.11,3.11,3.1,3.1,62827748.0
2016-07-29,3.11,3.11,3.1,3.11,48203837.0
2016-08-01,3.1,3.12,3.1,3.12,111596431.0
2016-08-02,3.11,3.12,3.11,3.12,61500970.0
2016-08-03,3.11,3.12,3.11,3.11,45542309.0
2016-08-04,3.12,3.12,3.1,3.12,92000551.0
2016-08-05,3.11,3.12,3.1,3.12,62573060.0
2016-08-08,3.11,3.12,3.1,3.12,74935412.0
2016-08-09,3.12,3.14,3.11,3.13,134206982.0
2016-08-10,3.13,3.14,3.12,3.14,71929204.0
2016-08-11,3.14,3.19,3.13,3.16,204257332.0
2016-08-12,3.16,3.21,3.15,3.21,222881675.0
2016-08-15,3.22,3.29,3.21,3.25,268905612.0
2016-08-16,3.26,3.26,3.18,3.2,319968648.0
2016-08-17,3.2,3.2,3.17,3.18,95122068.0
2016-08-18,3.18,3.19,3.17,3.18,91453652.0
2016-08-19,3.18,3.19,3.17,3.18,60776699.0
2016-08-22,3.18,3.21,3.17,3.2,151831428.0
2016-08-23,3.2,3.23,3.19,3.21,127377522.0
2016-08-24,3.21,3.22,3.2,3.21,85073061.0
2016-08-25,3.2,3.22,3.19,3.22,90156645.0
2016-08-26,3.21,3.22,3.2,3.2,55690783.0
2016-08-29,3.2,3.21,3.17,3.18,95611937.0
2016-08-30,3.18,3.21,3.17,3.21,106156065.0
2016-08-31,3.21,3.21,3.19,3.21,61647959.0
2016-09-01,3.2,3.21,3.18,3.18,115587683.0
2016-09-02,3.18,3.2,3.18,3.19,122936770.0
2016-09-05,3.19,3.21,3.18,3.19,101759298.0
2016-09-06,3.2,3.22,3.19,3.2,112287622.0
2016-09-07,3.2,3.21,3.19,3.2,95702628.0
2016-09-08,3.2,3.21,3.19,3.2,81824367.0
2016-09-09,3.19,3.2,3.18,3.19,68568390.0
2016-09-12,3.18,3.18,3.13,3.14,160720621.0
2016-09-13,3.15,3.16,3.13,3.15,85634337.0
2016-09-14,3.14,3.15,3.1,3.11,93511753.0
2016-09-19,3.11,3.13,3.11,3.12,69143781.0
2016-09-20,3.12,3.13,3.11,3.12,71121001.0
2016-09-21,3.12,3.14,3.12,3.13,75293125.0
2016-09-22,3.14,3.15,3.13,3.14,62899824.0
2016-09-23,3.14,3.15,3.14,3.15,40569999.0
2016-09-26,3.14,3.15,3.11,3.12,84775159.0
2016-09-27,3.12,3.15,3.11,3.15,86341547.0
2016-09-28,3.14,3.15,3.13,3.13,47569839.0
2016-09-29,3.13,3.14,3.13,3.14,45060002.0
2016-09-30,3.14,3.14,3.13,3.13,33962241.0
2016-10-10,3.14,3.15,3.13,3.15,114761876.0
2016-10-11,3.15,3.15,3.14,3.14,65399176.0
2016-10-12,3.14,3.15,3.14,3.14,59452884.0
2016-10-13,3.14,3.15,3.13,3.14,64381473.0
2016-10-14,3.14,3.14,3.13,3.14,39449642.0
2016-10-17,3.14,3.14,3.12,3.13,64333366.0
2016-10-18,3.13,3.15,3.12,3.14,96381049.0
2016-10-19,3.14,3.15,3.14,3.14,51461301.0
2016-10-20,3.15,3.15,3.14,3.14,35978872.0
2016-10-21,3.14,3.15,3.13,3.14,61694054.0
2016-10-24,3.14,3.19,3.14,3.17,158085860.0
2016-10-25,3.17,3.19,3.16,3.18,122688277.0
2016-10-26,3.18,3.19,3.16,3.16,58386844.0
2016-10-27,3.16,3.17,3.14,3.15,60076542.0
2016-10-28,3.15,3.17,3.15,3.17,75342845.0
2016-10-31,3.16,3.17,3.14,3.16,58793007.0
2016-11-01,3.16,3.17,3.15,3.17,58970735.0
2016-11-02,3.16,3.17,3.15,3.16,56221316.0
2016-11-03,3.15,3.16,3.14,3.15,61370320.0
2016-11-04,3.15,3.16,3.14,3.15,78585054.0
2016-11-07,3.15,3.16,3.14,3.16,84575746.0
2016-11-08,3.16,3.19,3.15,3.18,162749332.0
2016-11-09,3.18,3.18,3.14,3.15,159785367.0
2016-11-10,3.16,3.17,3.15,3.17,66484276.0
2016-11-11,3.16,3.17,3.15,3.17,118755354.0
2016-11-14,3.16,3.18,3.15,3.17,112898670.0
2016-11-15,3.17,3.18,3.15,3.16,121691539.0
2016-11-16,3.16,3.17,3.16,3.16,70128054.0
2016-11-17,3.16,3.17,3.15,3.16,61158518.0
2016-11-18,3.16,3.17,3.15,3.17,61143604.0
2016-11-21,3.16,3.18,3.15,3.18,165474105.0
2016-11-22,3.18,3.2,3.17,3.19,205152956.0
2016-11-23,3.19,3.22,3.18,3.21,382595132.0
2016-11-24,3.2,3.21,3.18,3.19,130423726.0
2016-11-25,3.19,3.22,3.19,3.22,217657407.0
2016-11-28,3.22,3.26,3.2,3.22,576308093.0
2016-11-29,3.21,3.24,3.2,3.23,235999225.0
2016-11-30,3.23,3.23,3.2,3.21,192196689.0
2016-12-01,3.21,3.23,3.2,3.22,188386350.0
2016-12-02,3.22,3.23,3.19,3.22,328466512.0
2016-12-05,3.21,3.25,3.2,3.24,269141242.0
2016-12-06,3.24,3.25,3.23,3.25,190380683.0
2016-12-07,3.24,3.25,3.23,3.24,114615593.0
2016-12-08,3.24,3.25,3.22,3.24,159378394.0
2016-12-09,3.23,3.29,3.23,3.26,406737161.0
2016-12-12,3.26,3.31,3.21,3.26,529845531.0
2016-12-13,3.24,3.25,3.19,3.21,317417258.0
2016-12-14,3.21,3.23,3.2,3.21,262273108.0
2016-12-15,3.2,3.21,3.15,3.17,279745546.0
2016-12-16,3.15,3.17,3.14,3.15,222400531.0
2016-12-19,3.15,3.16,3.13,3.14,131827552.0
2016-12-20,3.14,3.15,3.1,3.12,186491997.0
2016-12-21,3.12,3.14,3.12,3.13,153741767.0
2016-12-22,3.13,3.13,3.11,3.13,77549700.0
2016-12-23,3.12,3.13,3.11,3.12,92872276.0
2016-12-26,3.11,3.13,3.09,3.13,150179606.0
2016-12-27,3.12,3.13,3.11,3.11,69413045.0
2016-12-28,3.11,3.12,3.09,3.1,129494611.0
2016-12-29,3.09,3.1,3.09,3.09,165922943.0
2016-12-30,3.1,3.11,3.09,3.1,208957655.0
2017-01-03,3.1,3.13,3.09,3.12,196745138.0
2017-01-04,3.12,3.14,3.11,3.12,170690299.0
2017-01-05,3.13,3.14,3.12,3.13,109437941.0
2017-01-06,3.13,3.13,3.12,3.13,102296721.0
2017-01-09,3.13,3.13,3.12,3.13,119532777.0
2017-01-10,3.12,3.13,3.12,3.13,111609416.0
2017-01-11,3.12,3.13,3.11,3.12,133704108.0
2017-01-12,3.12,3.12,3.11,3.12,70075474.0
2017-01-13,3.11,3.13,3.11,3.12,191591852.0
2017-01-16,3.12,3.19,3.11,3.16,591583755.0
2017-01-17,3.15,3.15,3.14,3.14,109513815.0
2017-01-18,3.15,3.16,3.14,3.15,129814355.0
2017-01-19,3.15,3.17,3.15,3.16,167112903.0
2017-01-20,3.15,3.17,3.15,3.16,104237950.0
2017-01-23,3.16,3.17,3.16,3.17,119371911.0
2017-01-24,3.16,3.19,3.16,3.18,144529885.0
2017-01-25,3.18,3.19,3.18,3.19,84775030.0
2017-01-26,3.19,3.21,3.19,3.21,98947846.0
2017-02-03,3.21,3.21,3.18,3.18,88652597.0
2017-02-06,3.19,3.19,3.17,3.18,106306087.0
2017-02-07,3.18,3.19,3.17,3.17,91980936.0
2017-02-08,3.17,3.18,3.16,3.18,116506103.0
2017-02-09,3.17,3.19,3.17,3.18,113199983.0
2017-02-10,3.19,3.2,3.18,3.2,149270768.0
2017-02-13,3.2,3.23,3.19,3.22,176128841.0
2017-02-14,3.22,3.23,3.21,3.22,86673124.0
2017-02-15,3.22,3.3,3.21,3.29,497143912.0
2017-02-16,3.29,3.3,3.27,3.29,243804235.0
2017-02-17,3.29,3.29,3.25,3.26,214869941.0
2017-02-20,3.25,3.31,3.24,3.26,912210255.0
2017-02-21,3.27,3.29,3.26,3.27,350056784.0
2017-02-22,3.26,3.27,3.25,3.27,221398308.0
2017-02-23,3.27,3.29,3.26,3.28,202438748.0
2017-02-24,3.27,3.28,3.26,3.27,125103305.0
2017-02-27,3.26,3.27,3.24,3.25,158222143.0
2017-02-28,3.24,3.26,3.24,3.25,144799906.0
2017-03-01,3.25,3.27,3.25,3.26,174962270.0
2017-03-02,3.26,3.27,3.25,3.26,113370365.0
2017-03-03,3.24,3.25,3.23,3.24,116940438.0
2017-03-06,3.24,3.25,3.23,3.24,135016647.0
2017-03-07,3.24,3.25,3.23,3.24,113073542.0
2017-03-08,3.23,3.25,3.23,3.25,116928433.0
2017-03-09,3.24,3.25,3.23,3.23,171183467.0
2017-03-10,3.23,3.24,3.22,3.24,130213879.0
2017-03-13,3.23,3.26,3.22,3.26,150292826.0
2017-03-14,3.25,3.27,3.25,3.26,121986936.0
2017-03-15,3.26,3.26,3.24,3.26,118779168.0
2017-03-16,3.26,3.29,3.25,3.28,257193708.0
2017-03-17,3.27,3.28,3.24,3.26,178306031.0
2017-03-20,3.26,3.26,3.24,3.26,150539076.0
2017-03-21,3.26,3.26,3.25,3.25,153049006.0
2017-03-22,3.24,3.25,3.22,3.24,180504099.0
2017-03-23,3.23,3.25,3.23,3.24,167456328.0
2017-03-24,3.24,3.25,3.23,3.25,149426652.0
2017-03-27,3.24,3.29,3.24,3.28,300351233.0
2017-03-28,3.28,3.29,3.27,3.28,113115553.0
2017-03-29,3.28,3.3,3.27,3.29,284878423.0
2017-03-30,3.29,3.3,3.26,3.29,269849549.0
2017-03-31,3.28,3.36,3.27,3.34,418130518.0
2017-04-05,3.33,3.36,3.32,3.35,252120653.0
2017-04-06,3.35,3.35,3.32,3.34,187654165.0
2017-04-07,3.34,3.37,3.32,3.36,267581871.0
2017-04-10,3.36,3.36,3.34,3.34,177405735.0
2017-04-11,3.33,3.34,3.31,3.34,145569874.0
2017-04-12,3.33,3.33,3.3,3.32,221404407.0
2017-04-13,3.32,3.33,3.31,3.32,157260791.0
2017-04-14,3.32,3.32,3.28,3.31,188707104.0
2017-04-17,3.29,3.31,3.27,3.3,226674407.0
2017-04-18,3.29,3.3,3.27,3.27,128958406.0
2017-04-19,3.26,3.27,3.23,3.25,274228718.0
2017-04-20,3.25,3.27,3.24,3.26,144801914.0
2017-04-21,3.26,3.3,3.25,3.29,327792364.0
2017-04-24,3.28,3.32,3.28,3.32,257519002.0
2017-04-25,3.31,3.33,3.3,3.33,150161559.0
2017-04-26,3.32,3.36,3.31,3.35,279794567.0
2017-04-27,3.34,3.39,3.34,3.38,305639947.0
2017-04-28,3.37,3.38,3.35,3.38,163982182.0
2017-05-02,3.37,3.37,3.33,3.33,146888877.0
2017-05-03,3.33,3.33,3.3,3.31,102842676.0
2017-05-04,3.31,3.32,3.3,3.32,85642843.0
2017-05-05,3.31,3.33,3.29,3.33,168709183.0
2017-05-08,3.32,3.37,3.31,3.37,267158553.0
2017-05-09,3.36,3.37,3.35,3.36,111072299.0
2017-05-10,3.35,3.39,3.35,3.38,174072806.0
2017-05-11,3.37,3.43,3.37,3.41,213515245.0
2017-05-12,3.4,3.47,3.39,3.46,286483804.0
2017-05-15,3.46,3.49,3.43,3.44,150600502.0
2017-05-16,3.44,3.44,3.39,3.41,199943004.0
2017-05-17,3.4,3.41,3.39,3.41,187748373.0
2017-05-18,3.39,3.43,3.39,3.42,136762409.0
2017-05-19,3.42,3.44,3.41,3.43,101788160.0
2017-05-22,3.43,3.46,3.42,3.45,128055556.0
2017-05-23,3.45,3.51,3.45,3.5,239176843.0
2017-05-24,3.49,3.51,3.47,3.5,161139599.0
2017-05-25,3.49,3.59,3.46,3.48,548672678.0
2017-05-26,3.49,3.52,3.48,3.51,222596426.0
2017-05-31,3.5,3.57,3.5,3.54,249434623.0
2017-06-01,3.55,3.58,3.54,3.58,193849111.0
2017-06-02,3.58,3.61,3.55,3.57,163338277.0
2017-06-05,3.56,3.57,3.43,3.46,369873795.0
2017-06-06,3.45,3.48,3.44,3.47,147043046.0
2017-06-07,3.47,3.52,3.46,3.51,224811959.0
2017-06-08,3.5,3.52,3.47,3.51,150493947.0
2017-06-09,3.51,3.54,3.49,3.5,266314346.0
2017-06-12,3.5,3.51,3.47,3.48,190704416.0
2017-06-13,3.48,3.5,3.46,3.49,135701581.0
2017-06-14,3.49,3.5,3.46,3.48,115998982.0
2017-06-15,3.47,3.48,3.43,3.44,171284917.0
2017-06-16,3.44,3.46,3.43,3.45,114531244.0
2017-06-19,3.45,3.45,3.45,3.45,0.0
2017-06-20,3.44,3.47,3.43,3.47,152705858.0
2017-06-21,3.47,3.49,3.46,3.47,116429111.0
2017-06-22,3.47,3.53,3.47,3.5,355651605.0
2017-06-23,3.49,3.52,3.47,3.51,237970010.0
2017-06-26,3.51,3.56,3.49,3.5,335907076.0
2017-06-27,3.5,3.51,3.46,3.49,274646178.0
2017-06-28,3.48,3.51,3.47,3.47,191537305.0
2017-06-29,3.48,3.51,3.47,3.5,121992099.0
2017-06-30,3.49,3.52,3.49,3.52,145882974.0
2017-07-03,3.51,3.53,3.5,3.52,153121656.0
2017-07-04,3.52,3.53,3.5,3.52,209252144.0
2017-07-05,3.52,3.53,3.5,3.52,162387326.0
2017-07-06,3.52,3.54,3.51,3.53,175888322.0
2017-07-07,3.52,3.54,3.52,3.54,119731530.0
2017-07-10,3.54,3.54,3.52,3.53,134611066.0
2017-07-11,3.53,3.58,3.52,3.58,278889688.0
2017-07-12,3.57,3.62,3.56,3.59,359688933.0
2017-07-13,3.44,3.49,3.43,3.47,312294837.0
2017-07-14,3.47,3.51,3.46,3.49,209720100.0
2017-07-17,3.5,3.63,3.49,3.6,529429225.0
2017-07-18,3.59,3.61,3.53,3.57,319321791.0
2017-07-19,3.56,3.6,3.56,3.56,300478191.0
2017-07-20,3.58,3.59,3.55,3.59,184857777.0
2017-07-21,3.58,3.62,3.57,3.6,194029631.0
2017-07-24,3.6,3.66,3.59,3.61,235767756.0
2017-07-25,3.62,3.72,3.62,3.69,344109012.0
2017-07-26,3.69,3.8,3.68,3.74,309487569.0
2017-07-27,3.74,3.75,3.68,3.72,197838004.0
2017-07-28,3.7,3.74,3.67,3.72,146075224.0
2017-07-31,3.72,3.75,3.7,3.71,159243782.0
2017-08-01,3.71,3.74,3.7,3.74,161328897.0
2017-08-02,3.74,3.81,3.73,3.79,269735129.0
2017-08-03,3.79,3.84,3.74,3.76,216760280.0
2017-08-04,3.76,3.78,3.74,3.76,141457412.0
2017-08-07,3.75,3.76,3.69,3.73,207749825.0
2017-08-08,3.73,3.74,3.68,3.72,207954629.0
2017-08-09,3.71,3.72,3.64,3.65,210667795.0
2017-08-10,3.64,3.66,3.6,3.64,193745317.0
2017-08-11,3.62,3.66,3.57,3.65,320361924.0
2017-08-14,3.62,3.63,3.6,3.61,191594673.0
2017-08-15,3.6,3.72,3.6,3.65,358819445.0
2017-08-16,3.65,3.67,3.62,3.63,184352501.0
2017-08-17,3.63,3.65,3.62,3.65,106143039.0
2017-08-18,3.63,3.66,3.62,3.64,107758358.0
2017-08-21,3.64,3.66,3.61,3.65,139332104.0
2017-08-22,3.66,3.7,3.64,3.69,124643220.0
2017-08-23,3.69,3.77,3.68,3.75,172980994.0
2017-08-24,3.75,3.81,3.74,3.79,203189931.0
2017-08-25,3.78,3.93,3.78,3.91,391557205.0
2017-08-28,3.91,3.96,3.83,3.86,336839110.0
2017-08-29,3.86,3.91,3.83,3.9,159194312.0
2017-08-30,3.9,3.93,3.82,3.85,205764709.0
2017-08-31,3.84,3.87,3.74,3.77,493372589.0
2017-09-01,3.77,3.81,3.68,3.7,471051991.0
2017-09-04,3.69,3.77,3.68,3.75,241436188.0
2017-09-05,3.76,3.86,3.75,3.85,299517950.0
2017-09-06,3.83,3.88,3.81,3.85,157280387.0
2017-09-07,3.84,3.85,3.8,3.83,121672875.0
2017-09-08,3.82,3.84,3.79,3.8,131726131.0
2017-09-11,3.82,3.87,3.79,3.82,255797303.0
2017-09-12,3.83,3.85,3.8,3.84,159537877.0
2017-09-13,3.84,3.85,3.82,3.82,162726096.0
2017-09-14,3.83,3.85,3.75,3.79,191787932.0
2017-09-15,3.77,3.79,3.72,3.76,197382934.0
2017-09-18,3.76,3.78,3.68,3.7,211488512.0
2017-09-19,3.72,3.74,3.66,3.72,326338970.0
2017-09-20,3.71,3.76,3.7,3.71,189805650.0
2017-09-21,3.72,3.78,3.7,3.77,181981501.0
2017-09-22,3.76,3.81,3.76,3.79,173774977.0
2017-09-25,3.78,3.87,3.76,3.85,248580730.0
2017-09-26,3.83,3.88,3.83,3.85,152669676.0
2017-09-27,3.84,3.86,3.8,3.82,123295039.0
2017-09-28,3.82,3.85,3.79,3.84,137598084.0
2017-09-29,3.83,3.85,3.81,3.82,118830975.0
2017-10-09,3.91,3.93,3.74,3.79,570390271.0
2017-10-10,3.78,3.81,3.74,3.78,313181771.0
2017-10-11,3.78,3.86,3.77,3.84,260060775.0
2017-10-12,3.83,3.86,3.78,3.8,287907508.0
2017-10-13,3.8,3.81,3.76,3.76,241286705.0
2017-10-16,3.77,3.81,3.76,3.8,205655022.0
2017-10-17,3.8,3.81,3.76,3.76,201405339.0
2017-10-18,3.78,3.83,3.76,3.82,283180977.0
2017-10-19,3.81,3.85,3.8,3.85,213462065.0
2017-10-20,3.83,3.85,3.81,3.83,167208611.0
2017-10-23,3.82,3.83,3.78,3.78,183068633.0
2017-10-24,3.79,3.81,3.78,3.8,151674473.0
2017-10-25,3.8,3.81,3.75,3.77,167610932.0
2017-10-26,3.76,3.76,3.68,3.7,464512645.0
2017-10-27,3.69,3.75,3.68,3.72,433694548.0
2017-10-30,3.72,3.77,3.71,3.74,352471989.0
2017-10-31,3.75,3.78,3.73,3.74,255221592.0
2017-11-01,3.74,3.75,3.69,3.73,266254957.0
2017-11-02,3.72,3.73,3.68,3.72,253702751.0
2017-11-03,3.72,3.73,3.68,3.72,281564641.0
2017-11-06,3.7,3.71,3.66,3.68,211838164.0
2017-11-07,3.68,3.72,3.66,3.71,309800326.0
2017-11-08,3.7,3.72,3.68,3.71,288301543.0
2017-11-09,3.7,3.7,3.67,3.68,179893578.0
2017-11-10,3.67,3.68,3.61,3.63,280435397.0
2017-11-13,3.63,3.67,3.59,3.64,621472564.0
2017-11-14,3.63,3.63,3.6,3.61,179561824.0
2017-11-15,3.61,3.62,3.58,3.61,262014266.0
2017-11-16,3.61,3.61,3.56,3.57,216688269.0
2017-11-17,3.57,3.67,3.56,3.66,586414026.0
2017-11-20,3.64,3.69,3.62,3.67,332776931.0
2017-11-21,3.67,3.72,3.64,3.66,528448604.0
2017-11-22,3.68,3.81,3.67,3.8,592729933.0
2017-11-23,3.81,3.88,3.75,3.79,579685967.0
2017-11-24,3.77,3.83,3.76,3.8,266517546.0
2017-11-27,3.79,3.81,3.71,3.8,442469838.0
2017-11-28,3.77,3.78,3.73,3.75,194356450.0
2017-11-29,3.75,3.78,3.73,3.75,170367257.0
2017-11-30,3.75,3.77,3.74,3.74,200157471.0
2017-12-01,3.75,3.76,3.7,3.74,274105035.0
2017-12-04,3.73,3.75,3.71,3.74,139679886.0
2017-12-05,3.74,3.84,3.73,3.81,470299636.0
2017-12-06,3.8,3.82,3.76,3.8,268523210.0
2017-12-07,3.79,3.79,3.73,3.78,194956872.0
2017-12-08,3.76,3.77,3.72,3.74,219147720.0
2017-12-11,3.73,3.74,3.71,3.73,185331150.0
2017-12-12,3.73,3.74,3.7,3.7,147030831.0
2017-12-13,3.7,3.72,3.68,3.71,151063294.0
2017-12-14,3.72,3.75,3.69,3.71,173303719.0
2017-12-15,3.71,3.71,3.66,3.67,201482986.0
2017-12-18,3.68,3.69,3.66,3.67,163353929.0
2017-12-19,3.67,3.71,3.66,3.71,207420630.0
2017-12-20,3.7,3.72,3.68,3.71,201968025.0
2017-12-21,3.7,3.72,3.69,3.7,181089656.0
2017-12-22,3.7,3.71,3.66,3.67,154276662.0
2017-12-25,3.68,3.71,3.67,3.68,203594676.0
2017-12-26,3.68,3.76,3.68,3.76,284825589.0
2017-12-27,3.76,3.8,3.72,3.75,308549244.0
2017-12-28,3.74,3.8,3.73,3.78,303524040.0
2017-12-29,3.79,3.86,3.79,3.83,316021711.0
2018-01-02,3.84,3.94,3.77,3.85,798519102.0
2018-01-03,3.83,3.9,3.83,3.88,307349820.0
2018-01-04,3.88,3.91,3.85,3.87,315142711.0
2018-01-05,3.87,3.9,3.85,3.87,245416444.0
2018-01-08,3.88,3.89,3.84,3.86,232632304.0
2018-01-09,3.85,3.88,3.82,3.83,252669509.0
2018-01-10,3.82,3.92,3.81,3.91,419277096.0
2018-01-11,3.91,4.0,3.9,3.99,400649025.0
2018-01-12,4.0,4.04,3.99,4.01,345296151.0
2018-01-15,4.02,4.17,4.01,4.12,551516422.0
2018-01-16,4.11,4.18,4.05,4.15,842961967.0
2018-01-17,4.15,4.32,4.14,4.22,854712838.0
2018-01-18,4.27,4.39,4.26,4.37,807656817.0
2018-01-19,4.42,4.48,4.35,4.47,605978854.0
2018-01-22,4.44,4.53,4.34,4.36,801325467.0
2018-01-23,4.37,4.52,4.33,4.48,1634806191.0
2018-01-24,4.54,4.68,4.48,4.53,1209899069.0
2018-01-25,4.52,4.58,4.42,4.54,743198079.0
2018-01-26,4.52,4.64,4.42,4.48,1872299833.0
2018-01-29,4.51,4.61,4.46,4.51,927279362.0
2018-01-30,4.51,4.52,4.41,4.42,541575208.0
2018-01-31,4.41,4.47,4.38,4.46,501671611.0
2018-02-01,4.45,4.54,4.43,4.51,723162950.0
2018-02-02,4.48,4.51,4.41,4.51,489790553.0
2018-02-05,4.46,4.76,4.44,4.75,988659824.0
2018-02-06,4.65,4.74,4.59,4.71,1094262169.0
2018-02-07,4.7,4.82,4.41,4.46,1121848552.0
2018-02-08,4.43,4.46,4.17,4.31,949595158.0
2018-02-09,4.17,4.23,4.0,4.16,1043073097.0
2018-02-12,4.14,4.16,4.05,4.09,568372852.0
2018-02-13,4.13,4.25,4.11,4.15,643302114.0
2018-02-14,4.15,4.19,4.1,4.16,263621773.0
2018-02-22,4.27,4.32,4.25,4.31,538001201.0
2018-02-23,4.31,4.35,4.27,4.34,336781464.0
2018-02-26,4.37,4.42,4.26,4.32,678188769.0
2018-02-27,4.31,4.32,4.17,4.2,637944839.0
2018-02-28,4.14,4.17,4.1,4.13,398306847.0
2018-03-01,4.1,4.17,4.08,4.13,341324990.0
2018-03-02,4.09,4.14,4.07,4.11,282575780.0
2018-03-05,4.1,4.13,4.04,4.07,382280471.0
2018-03-06,4.1,4.1,4.0,4.04,1074824873.0
2018-03-07,4.06,4.11,4.04,4.05,606135909.0
2018-03-08,4.04,4.06,4.0,4.02,514695212.0
2018-03-09,4.03,4.05,3.99,4.02,380517393.0
2018-03-12,4.04,4.06,4.01,4.03,641826057.0
2018-03-13,4.08,4.17,4.07,4.13,1035192962.0
2018-03-14,4.12,4.12,4.07,4.09,398079971.0
2018-03-15,4.07,4.14,4.07,4.13,385821742.0
2018-03-16,4.12,4.13,4.06,4.07,355618753.0
2018-03-19,4.06,4.08,4.03,4.08,283758637.0
2018-03-20,4.05,4.11,4.05,4.1,309835597.0
2018-03-21,4.1,4.14,4.09,4.1,429239931.0
2018-03-22,4.11,4.11,4.02,4.06,418370567.0
2018-03-23,3.97,3.98,3.91,3.95,743976979.0
2018-03-26,3.93,3.95,3.79,3.82,633863321.0
2018-03-27,3.87,3.89,3.8,3.84,498773221.0
2018-03-28,3.81,3.91,3.81,3.86,486014334.0
2018-03-29,3.85,3.99,3.82,3.96,500473017.0
2018-03-30,3.95,3.98,3.9,3.91,296604016.0
2018-04-02,3.9,3.93,3.83,3.84,386442724.0
2018-04-03,3.81,3.86,3.81,3.83,341661925.0
2018-04-04,3.83,3.86,3.81,3.81,289406163.0
2018-04-09,3.82,3.84,3.8,3.83,221068224.0
2018-04-10,3.83,3.95,3.81,3.94,462527542.0
2018-04-11,3.92,4.02,3.91,3.99,506444601.0
2018-04-12,3.98,3.99,3.89,3.9,303296288.0
2018-04-13,3.93,3.94,3.86,3.87,258994406.0
2018-04-16,3.85,3.85,3.74,3.75,602186025.0
2018-04-17,3.75,3.77,3.72,3.73,326388736.0
2018-04-18,3.77,3.79,3.73,3.77,367428339.0
2018-04-19,3.76,3.81,3.75,3.78,310849222.0
2018-04-20,3.76,3.77,3.71,3.74,309258138.0
2018-04-23,3.73,3.77,3.71,3.76,232439519.0
2018-04-24,3.77,3.87,3.76,3.84,455273272.0
2018-04-25,3.82,3.83,3.79,3.81,176251591.0
2018-04-26,3.81,3.82,3.75,3.79,209466790.0
2018-04-27,3.79,3.81,3.77,3.81,175445075.0
2018-05-02,3.85,3.89,3.83,3.86,291520797.0
2018-05-03,3.85,3.88,3.83,3.84,199810002.0
2018-05-04,3.83,3.85,3.81,3.83,162354037.0
2018-05-07,3.84,3.87,3.82,3.86,236547559.0
2018-05-08,3.85,3.93,3.84,3.9,294574631.0
2018-05-09,3.9,3.91,3.87,3.9,168319473.0
2018-05-10,3.91,3.92,3.86,3.89,158532093.0
2018-05-11,3.9,3.93,3.88,3.91,225616023.0
2018-05-14,3.92,3.96,3.92,3.94,246056766.0
2018-05-15,3.95,3.96,3.89,3.92,257400675.0
2018-05-16,3.9,3.9,3.83,3.85,272397046.0
2018-05-17,3.86,3.86,3.83,3.85,159198059.0
2018-05-18,3.84,3.9,3.83,3.9,242118150.0
2018-05-21,3.91,3.93,3.9,3.92,272470182.0
2018-05-22,3.91,3.91,3.86,3.89,250203739.0
2018-05-23,3.87,3.88,3.82,3.83,269919631.0
2018-05-24,3.84,3.84,3.78,3.79,284082938.0
2018-05-25,3.64,3.65,3.61,3.63,214018724.0
2018-05-28,3.63,3.63,3.6,3.61,165698683.0
2018-05-29,3.6,3.63,3.55,3.62,279521501.0
2018-05-30,3.59,3.6,3.55,3.56,188621715.0
2018-05-31,3.59,3.6,3.56,3.59,230815831.0
2018-06-01,3.57,3.63,3.57,3.6,200551413.0
2018-06-04,3.61,3.68,3.6,3.66,261490283.0
2018-06-05,3.67,3.68,3.64,3.67,189377865.0
2018-06-06,3.67,3.67,3.62,3.64,183499373.0
2018-06-07,3.65,3.68,3.63,3.66,170552477.0
2018-06-08,3.64,3.65,3.58,3.59,206044530.0
2018-06-11,3.58,3.6,3.55,3.6,199983283.0
2018-06-12,3.59,3.61,3.58,3.6,123617543.0
2018-06-13,3.6,3.6,3.56,3.59,166430791.0
2018-06-14,3.58,3.62,3.57,3.61,221058734.0
2018-06-15,3.6,3.66,3.59,3.63,240162677.0
2018-06-19,3.61,3.65,3.57,3.63,622179037.0
2018-06-20,3.61,3.62,3.58,3.58,194687167.0
2018-06-21,3.58,3.61,3.57,3.59,201454769.0
2018-06-22,3.57,3.58,3.55,3.58,174533790.0
2018-06-25,3.59,3.6,3.52,3.53,201040446.0
2018-06-26,3.51,3.51,3.42,3.46,286805371.0
2018-06-27,3.45,3.46,3.39,3.43,293027533.0
2018-06-28,3.4,3.43,3.38,3.39,207258963.0
2018-06-29,3.38,3.45,3.38,3.44,203746659.0
2018-07-02,3.43,3.43,3.31,3.32,274961664.0
2018-07-03,3.32,3.33,3.25,3.31,357701551.0
2018-07-04,3.3,3.36,3.29,3.32,271614699.0
2018-07-05,3.32,3.37,3.29,3.36,316403552.0
2018-07-06,3.34,3.41,3.32,3.39,297744985.0
2018-07-09,3.4,3.53,3.39,3.52,337278461.0
2018-07-10,3.51,3.53,3.46,3.5,197795245.0
2018-07-11,3.45,3.48,3.42,3.46,199419425.0
2018-07-12,3.46,3.55,3.45,3.53,243266113.0
2018-07-13,3.54,3.54,3.49,3.5,137258482.0
2018-07-16,3.49,3.5,3.41,3.42,198456962.0
2018-07-17,3.42,3.43,3.39,3.41,133322141.0
2018-07-18,3.42,3.48,3.41,3.41,171987786.0
2018-07-19,3.42,3.43,3.35,3.37,215490867.0
2018-07-20,3.36,3.56,3.34,3.54,454729804.0
2018-07-23,3.51,3.64,3.5,3.6,478078732.0
2018-07-24,3.6,3.65,3.58,3.62,364771344.0
2018-07-25,3.64,3.65,3.61,3.64,208247007.0
2018-07-26,3.64,3.66,3.57,3.59,234360935.0
2018-07-27,3.59,3.6,3.55,3.59,149993976.0
2018-07-30,3.58,3.65,3.56,3.61,227224077.0
2018-07-31,3.59,3.64,3.58,3.64,177942944.0
2018-08-01,3.64,3.69,3.59,3.6,249580600.0
2018-08-02,3.59,3.6,3.48,3.5,286634240.0
2018-08-03,3.5,3.58,3.49,3.53,291308699.0
2018-08-06,3.53,3.64,3.53,3.56,370226615.0
2018-08-07,3.57,3.63,3.54,3.63,219173618.0
2018-08-08,3.63,3.63,3.57,3.58,151853473.0
2018-08-09,3.56,3.64,3.55,3.63,202161571.0
2018-08-10,3.63,3.63,3.59,3.61,141156083.0
2018-08-13,3.58,3.58,3.51,3.56,226469144.0
2018-08-14,3.55,3.56,3.51,3.55,151039798.0
2018-08-15,3.54,3.55,3.49,3.49,185955652.0
2018-08-16,3.47,3.51,3.45,3.51,217783097.0
2018-08-17,3.52,3.54,3.49,3.5,178054486.0
2018-08-20,3.51,3.57,3.5,3.57,173729502.0
2018-08-21,3.57,3.62,3.56,3.59,174802351.0
2018-08-22,3.59,3.59,3.55,3.57,105746244.0
2018-08-23,3.57,3.6,3.55,3.57,132731997.0
2018-08-24,3.56,3.64,3.55,3.61,217332460.0
2018-08-27,3.62,3.64,3.59,3.64,222435206.0
2018-08-28,3.64,3.66,3.61,3.62,119002748.0
2018-08-29,3.63,3.65,3.62,3.64,167476035.0
2018-08-30,3.63,3.65,3.6,3.6,133069639.0
2018-08-31,3.6,3.65,3.59,3.63,209631344.0
2018-09-03,3.62,3.65,3.62,3.64,148081451.0
2018-09-04,3.64,3.67,3.61,3.65,177334906.0
2018-09-05,3.64,3.65,3.59,3.6,170748913.0
2018-09-06,3.6,3.62,3.56,3.57,153655364.0
2018-09-07,3.58,3.61,3.57,3.59,105213549.0
2018-09-10,3.58,3.61,3.57,3.6,150185816.0
2018-09-11,3.59,3.63,3.58,3.59,104978364.0
2018-09-12,3.58,3.59,3.56,3.57,92921865.0
2018-09-13,3.59,3.63,3.58,3.63,151202179.0
2018-09-14,3.63,3.64,3.61,3.63,137008350.0
2018-09-17,3.62,3.63,3.6,3.62,87544812.0
2018-09-18,3.62,3.65,3.61,3.64,152371181.0
2018-09-19,3.64,3.67,3.63,3.65,236821341.0
2018-09-20,3.65,3.7,3.65,3.67,214560058.0
2018-09-21,3.68,3.93,3.67,3.93,634606314.0
2018-09-25,3.86,3.88,3.82,3.86,303368552.0
2018-09-26,3.86,3.92,3.83,3.85,443585943.0
2018-09-27,3.84,3.86,3.8,3.84,301259526.0
2018-09-28,3.84,3.94,3.84,3.89,346135041.0
2018-10-08,3.81,3.83,3.75,3.79,301125903.0
2018-10-09,3.77,3.79,3.73,3.75,189849834.0
2018-10-10,3.75,3.79,3.72,3.76,196747371.0
2018-10-11,3.66,3.73,3.62,3.65,319757060.0
2018-10-12,3.66,3.76,3.64,3.74,279280889.0
2018-10-15,3.74,3.74,3.66,3.7,200300039.0
2018-10-16,3.7,3.77,3.7,3.74,188043159.0
2018-10-17,3.76,3.79,3.7,3.77,256452060.0
2018-10-18,3.76,3.76,3.68,3.68,198848864.0
2018-10-19,3.68,3.82,3.65,3.79,359411714.0
2018-10-22,3.81,3.92,3.79,3.89,452242063.0
2018-10-23,3.87,3.89,3.8,3.81,229529201.0
2018-10-24,3.8,3.93,3.8,3.87,354661593.0
2018-10-25,3.81,3.89,3.8,3.88,243831810.0
2018-10-26,3.88,3.91,3.83,3.91,275911214.0
2018-10-29,3.9,3.93,3.8,3.82,273838406.0
2018-10-30,3.82,3.87,3.81,3.84,267306425.0
2018-10-31,3.85,3.88,3.82,3.87,251974031.0
2018-11-01,3.87,3.88,3.81,3.82,258187840.0
2018-11-02,3.86,3.9,3.8,3.87,516992958.0
2018-11-05,3.85,3.86,3.79,3.82,297731815.0
2018-11-06,3.81,3.81,3.76,3.79,218909340.0
2018-11-07,3.8,3.82,3.76,3.78,193498226.0
2018-11-08,3.81,3.81,3.77,3.79,165084080.0
2018-11-09,3.76,3.76,3.63,3.65,512566416.0
2018-11-12,3.64,3.65,3.61,3.64,310294892.0
2018-11-13,3.61,3.66,3.6,3.65,256412783.0
2018-11-14,3.64,3.64,3.58,3.59,319015822.0
2018-11-15,3.59,3.61,3.58,3.61,220732798.0
2018-11-16,3.61,3.63,3.58,3.6,289304412.0
2018-11-19,3.61,3.66,3.6,3.65,272481558.0
2018-11-20,3.64,3.64,3.59,3.6,245105155.0
2018-11-21,3.58,3.62,3.58,3.62,162048935.0
2018-11-22,3.62,3.62,3.59,3.6,104892646.0
2018-11-23,3.59,3.6,3.56,3.57,185915135.0
2018-11-26,3.58,3.6,3.57,3.59,164640904.0
2018-11-27,3.6,3.6,3.56,3.57,115391951.0
2018-11-28,3.57,3.59,3.56,3.58,145702869.0
2018-11-29,3.59,3.6,3.55,3.55,160272721.0
2018-11-30,3.56,3.57,3.54,3.57,164599831.0
2018-12-03,3.62,3.63,3.6,3.62,304720205.0
2018-12-04,3.61,3.62,3.6,3.61,142843262.0
2018-12-05,3.59,3.62,3.58,3.6,159251823.0
2018-12-06,3.59,3.6,3.56,3.57,233534573.0
2018-12-07,3.58,3.59,3.57,3.58,119030593.0
2018-12-10,3.56,3.57,3.55,3.56,122183090.0
2018-12-11,3.56,3.57,3.55,3.56,108471143.0
2018-12-12,3.57,3.58,3.56,3.57,108516834.0
2018-12-13,3.57,3.61,3.56,3.59,167477390.0
2018-12-14,3.58,3.59,3.57,3.57,163037865.0
2018-12-17,3.56,3.58,3.55,3.58,201917455.0
2018-12-18,3.56,3.57,3.53,3.55,178317755.0
2018-12-19,3.55,3.55,3.53,3.53,161101002.0
2018-12-20,3.53,3.54,3.45,3.51,288997870.0
2018-12-21,3.5,3.52,3.46,3.51,281734035.0
2018-12-24,3.49,3.55,3.47,3.53,220042303.0
2018-12-25,3.52,3.58,3.51,3.56,319300873.0
2018-12-26,3.55,3.6,3.55,3.59,216006167.0
2018-12-27,3.61,3.62,3.59,3.6,268651346.0
2018-12-28,3.61,3.66,3.6,3.6,205642311.0
2019-01-02,3.61,3.62,3.51,3.52,198899698.0
2019-01-03,3.51,3.55,3.5,3.54,147048862.0
2019-01-04,3.53,3.6,3.52,3.59,204976550.0
2019-01-07,3.53,3.6,3.55,3.57,226877469.0
2019-01-08,3.57,3.57,3.52,3.53,195106588.0
2019-01-09,3.54,3.58,3.53,3.55,289708174.0
2019-01-10,3.55,3.56,3.5,3.51,273770773.0
2019-01-11,3.51,3.53,3.5,3.53,206216594.0
2019-01-14,3.53,3.54,3.49,3.5,165913296.0
2019-01-15,3.5,3.53,3.49,3.53,173063112.0
2019-01-16,3.52,3.53,3.5,3.52,148983626.0
2019-01-17,3.53,3.55,3.52,3.53,249369770.0
2019-01-18,3.54,3.6,3.53,3.58,353170342.0
2019-01-21,3.58,3.63,3.58,3.58,291304550.0
2019-01-22,3.59,3.59,3.56,3.57,136111972.0
2019-01-23,3.57,3.6,3.56,3.59,165453400.0
2019-01-24,3.6,3.62,3.59,3.61,155817732.0
2019-01-25,3.63,3.68,3.62,3.67,276101150.0
2019-01-28,3.69,3.72,3.65,3.68,220707245.0
2019-01-29,3.67,3.71,3.65,3.69,165201103.0
2019-01-30,3.69,3.7,3.67,3.68,159900539.0
2019-01-31,3.7,3.74,3.69,3.72,251356505.0
2019-02-01,3.73,3.74,3.7,3.72,176772422.0
2019-02-11,3.7,3.71,3.68,3.7,203141064.0
2019-02-12,3.71,3.73,3.69,3.72,186859970.0
2019-02-13,3.72,3.77,3.7,3.76,246742300.0
2019-02-14,3.76,3.76,3.71,3.71,220081343.0
2019-02-15,3.71,3.72,3.65,3.65,266914752.0
2019-02-18,3.67,3.71,3.66,3.7,349713973.0
2019-02-19,3.71,3.73,3.67,3.69,302487986.0
2019-02-20,3.7,3.71,3.68,3.7,201068400.0
2019-02-21,3.7,3.72,3.68,3.68,216428418.0
2019-02-22,3.67,3.69,3.63,3.68,353510569.0
2019-02-25,3.7,3.9,3.69,3.88,950189816.0
2019-02-26,3.85,3.87,3.78,3.79,735600412.0
2019-02-27,3.79,3.89,3.78,3.82,604074661.0
2019-02-28,3.82,3.83,3.79,3.8,347213872.0
2019-03-01,3.82,3.85,3.77,3.85,524432633.0
2019-03-04,3.87,3.94,3.83,3.87,914699980.0
2019-03-05,3.85,3.86,3.82,3.84,460860398.0
2019-03-06,3.84,3.86,3.82,3.85,540351574.0
2019-03-07,3.84,3.85,3.79,3.8,530042371.0
2019-03-08,3.77,3.77,3.69,3.69,556763570.0
2019-03-11,3.69,3.72,3.68,3.71,430845277.0
2019-03-12,3.72,3.78,3.71,3.74,451901902.0
2019-03-13,3.74,3.74,3.69,3.71,367129728.0
2019-03-14,3.7,3.73,3.69,3.7,297425598.0
2019-03-15,3.7,3.74,3.7,3.71,274260627.0
2019-03-18,3.72,3.76,3.7,3.75,374789081.0
2019-03-19,3.76,3.77,3.73,3.74,240269726.0
2019-03-20,3.73,3.75,3.71,3.73,239019783.0
2019-03-21,3.73,3.74,3.71,3.71,251745348.0
2019-03-22,3.72,3.73,3.69,3.72,228546009.0
2019-03-25,3.69,3.7,3.66,3.66,339843323.0
2019-03-26,3.68,3.68,3.65,3.67,246438583.0
2019-03-27,3.67,3.71,3.67,3.69,262892504.0
2019-03-28,3.68,3.69,3.66,3.67,206865101.0
2019-03-29,3.67,3.74,3.66,3.73,390197104.0
2019-04-01,3.73,3.78,3.72,3.77,587266643.0
2019-04-02,3.78,3.79,3.73,3.75,495862088.0
2019-04-03,3.72,3.75,3.7,3.74,446371399.0
2019-04-04,3.75,3.79,3.74,3.79,675944536.0
2019-04-08,3.8,3.85,3.77,3.79,627843137.0
2019-04-09,3.78,3.8,3.76,3.78,270014712.0
2019-04-10,3.77,3.79,3.75,3.77,255750265.0
2019-04-11,3.77,3.79,3.73,3.73,277319532.0
2019-04-12,3.73,3.75,3.72,3.74,222190608.0
2019-04-15,3.77,3.83,3.77,3.78,550800450.0
2019-04-16,3.76,3.89,3.76,3.89,757167479.0
2019-04-17,3.87,3.92,3.85,3.88,502880017.0
2019-04-18,3.87,3.87,3.83,3.84,245128346.0
2019-04-19,3.84,3.87,3.83,3.85,250975387.0
2019-04-22,3.85,3.86,3.77,3.78,328456286.0
2019-04-23,3.78,3.8,3.76,3.77,301897122.0
2019-04-24,3.78,3.79,3.74,3.77,329860442.0
2019-04-25,3.77,3.77,3.73,3.74,306619171.0
2019-04-26,3.73,3.74,3.71,3.72,262923716.0
2019-05-06,3.71,3.72,3.62,3.65,610123206.0
2019-05-07,3.67,3.68,3.64,3.66,275761947.0
2019-05-08,3.64,3.64,3.61,3.61,245611404.0
2019-05-09,3.6,3.62,3.58,3.59,239386564.0
2019-05-10,3.61,3.67,3.58,3.65,313570503.0
2019-05-13,3.63,3.63,3.59,3.6,189496607.0
2019-05-14,3.58,3.61,3.58,3.58,227471068.0
2019-05-15,3.6,3.63,3.58,3.61,255584178.0
2019-05-16,3.6,3.64,3.59,3.62,246612382.0
2019-05-17,3.62,3.64,3.6,3.61,289635862.0
2019-05-20,3.6,3.66,3.6,3.65,312331077.0
2019-05-21,3.65,3.69,3.64,3.67,227540672.0
2019-05-22,3.67,3.69,3.66,3.67,165985902.0
2019-05-23,3.67,3.69,3.65,3.68,240320900.0
2019-05-24,3.68,3.71,3.67,3.69,209079771.0
2019-05-27,3.68,3.71,3.66,3.7,230033685.0
2019-05-28,3.7,3.73,3.69,3.72,321528176.0
2019-05-29,3.71,3.72,3.67,3.68,228557639.0
2019-05-30,3.69,3.72,3.67,3.71,204351116.0
2019-05-31,3.71,3.71,3.67,3.68,207123887.0
2019-06-03,3.69,3.73,3.68,3.73,246018844.0
2019-06-04,3.73,3.75,3.72,3.75,212909361.0
2019-06-05,3.76,3.8,3.75,3.77,255237134.0
2019-06-06,3.78,3.78,3.75,3.77,143683130.0
2019-06-10,3.76,3.8,3.76,3.79,227794172.0
2019-06-11,3.8,3.82,3.79,3.81,271599122.0
2019-06-12,3.8,3.83,3.79,3.81,220016021.0
2019-06-13,3.82,3.82,3.78,3.78,199022585.0
2019-06-14,3.79,3.8,3.75,3.76,219216215.0
2019-06-17,3.76,3.81,3.75,3.8,240431940.0
2019-06-18,3.8,3.83,3.79,3.82,320183506.0
2019-06-19,3.7,3.7,3.64,3.65,482920206.0
2019-06-20,3.65,3.69,3.63,3.67,557328071.0
2019-06-21,3.66,3.67,3.63,3.64,418751318.0
2019-06-24,3.64,3.66,3.63,3.66,211389155.0
2019-06-25,3.65,3.66,3.62,3.64,316850550.0
2019-06-26,3.64,3.64,3.6,3.62,241612737.0
2019-06-27,3.62,3.64,3.61,3.62,293532986.0
2019-06-28,3.62,3.62,3.58,3.6,283583756.0
2019-07-01,3.62,3.63,3.61,3.62,343989287.0
2019-07-02,3.62,3.64,3.61,3.64,297112690.0
2019-07-03,3.64,3.66,3.62,3.66,292418636.0
2019-07-04,3.66,3.67,3.64,3.66,225548232.0
2019-07-05,3.66,3.66,3.64,3.65,159652038.0
2019-07-08,3.64,3.64,3.59,3.6,315446519.0
2019-07-09,3.6,3.6,3.58,3.58,185049896.0
2019-07-10,3.59,3.6,3.57,3.59,122350036.0
2019-07-11,3.59,3.6,3.58,3.59,128905193.0
2019-07-12,3.6,3.61,3.58,3.6,165900185.0
2019-07-15,3.6,3.6,3.56,3.59,279921905.0
2019-07-16,3.58,3.59,3.57,3.58,127118988.0
2019-07-17,3.58,3.58,3.56,3.57,125189039.0
2019-07-18,3.56,3.57,3.55,3.55,183895031.0
2019-07-19,3.56,3.58,3.55,3.57,164821689.0
2019-07-22,3.57,3.59,3.55,3.57,217378877.0
2019-07-23,3.57,3.6,3.57,3.59,210022699.0
2019-07-24,3.6,3.61,3.57,3.59,277058569.0
2019-07-25,3.58,3.6,3.57,3.59,215801553.0
2019-07-26,3.59,3.6,3.57,3.59,202154415.0
2019-07-29,3.59,3.61,3.58,3.6,200120401.0
2019-07-30,3.6,3.62,3.59,3.61,229704558.0
2019-07-31,3.61,3.61,3.59,3.6,236235988.0
2019-08-01,3.59,3.6,3.57,3.58,212269241.0
2019-08-02,3.55,3.56,3.54,3.55,264946137.0
2019-08-05,3.54,3.54,3.5,3.5,303806487.0
2019-08-06,3.46,3.47,3.43,3.46,293539625.0
2019-08-07,3.46,3.47,3.42,3.43,184721682.0
2019-08-08,3.44,3.46,3.43,3.46,232095186.0
2019-08-09,3.46,3.48,3.45,3.46,209008028.0
2019-08-12,3.45,3.48,3.45,3.48,179997357.0
2019-08-13,3.46,3.47,3.44,3.45,161807887.0
2019-08-14,3.47,3.48,3.43,3.44,273300635.0
2019-08-15,3.4,3.43,3.4,3.43,207257165.0
2019-08-16,3.43,3.44,3.42,3.42,199304121.0
2019-08-19,3.42,3.44,3.38,3.43,461904833.0
2019-08-20,3.42,3.44,3.42,3.43,198732350.0
2019-08-21,3.43,3.43,3.42,3.42,108424751.0
2019-08-22,3.43,3.43,3.4,3.41,160324045.0
2019-08-23,3.41,3.42,3.39,3.41,134898887.0
2019-08-26,3.38,3.4,3.38,3.38,196295693.0
2019-08-27,3.39,3.43,3.39,3.41,270240520.0
2019-08-28,3.42,3.42,3.39,3.4,156862885.0
2019-08-29,3.4,3.41,3.39,3.39,112191675.0
2019-08-30,3.41,3.42,3.4,3.4,179458761.0
2019-09-02,3.4,3.42,3.39,3.41,233125497.0
2019-09-03,3.42,3.42,3.4,3.41,166996557.0
2019-09-04,3.41,3.45,3.4,3.45,248845930.0
2019-09-05,3.45,3.5,3.44,3.48,358071894.0
2019-09-06,3.49,3.5,3.47,3.49,214380851.0
2019-09-09,3.51,3.52,3.47,3.49,326948859.0
2019-09-10,3.49,3.49,3.45,3.48,268309081.0
2019-09-11,3.49,3.52,3.48,3.52,270219081.0
2019-09-12,3.53,3.54,3.51,3.53,190130750.0
2019-09-16,3.53,3.54,3.51,3.52,131800173.0
2019-09-17,3.52,3.53,3.48,3.49,198459239.0
2019-09-18,3.49,3.51,3.48,3.48,138553315.0
2019-09-19,3.49,3.5,3.48,3.48,127115598.0
2019-09-20,3.49,3.49,3.48,3.49,207473601.0
2019-09-23,3.48,3.49,3.46,3.47,127952037.0
2019-09-24,3.47,3.48,3.46,3.47,101762519.0
2019-09-25,3.48,3.48,3.46,3.46,111001765.0
2019-09-26,3.47,3.52,3.46,3.5,235863523.0
2019-09-27,3.49,3.5,3.46,3.49,211009713.0
2019-09-30,3.48,3.5,3.46,3.46,150646837.0
2019-10-08,3.46,3.49,3.46,3.48,172507730.0
2019-10-09,3.47,3.5,3.46,3.49,218890908.0
2019-10-10,3.49,3.51,3.47,3.49,191470591.0
2019-10-11,3.5,3.54,3.49,3.53,254183971.0
2019-10-14,3.54,3.6,3.54,3.56,405927642.0
2019-10-15,3.57,3.6,3.56,3.58,245334954.0
2019-10-16,3.6,3.63,3.58,3.59,248873379.0
2019-10-17,3.59,3.61,3.57,3.59,160213283.0
2019-10-18,3.6,3.62,3.56,3.57,213512765.0
2019-10-21,3.56,3.6,3.56,3.6,189666747.0
2019-10-22,3.61,3.62,3.59,3.61,186703305.0
2019-10-23,3.61,3.65,3.6,3.64,270733781.0
2019-10-24,3.65,3.69,3.64,3.65,279708136.0
2019-10-25,3.66,3.66,3.6,3.66,191549935.0
2019-10-28,3.66,3.67,3.64,3.65,202277829.0
2019-10-29,3.65,3.65,3.6,3.61,202899906.0
2019-10-30,3.61,3.64,3.6,3.62,151780110.0
2019-10-31,3.63,3.64,3.62,3.64,185131164.0
2019-11-01,3.63,3.67,3.62,3.66,173021019.0
2019-11-04,3.66,3.68,3.65,3.65,134023151.0
2019-11-05,3.65,3.69,3.65,3.66,219858746.0
2019-11-06,3.66,3.69,3.66,3.68,138561150.0
2019-11-07,3.68,3.69,3.66,3.66,145672679.0
2019-11-08,3.67,3.69,3.6,3.61,204312415.0
2019-11-11,3.6,3.61,3.55,3.55,260894477.0
2019-11-12,3.57,3.58,3.55,3.56,145827949.0
2019-11-13,3.55,3.58,3.55,3.57,172842094.0
2019-11-14,3.57,3.58,3.54,3.56,174748455.0
2019-11-15,3.57,3.58,3.56,3.57,138611707.0
2019-11-18,3.57,3.59,3.55,3.59,169752843.0
2019-11-19,3.57,3.61,3.57,3.6,148638436.0
2019-11-20,3.6,3.6,3.57,3.58,157592961.0
2019-11-21,3.57,3.61,3.56,3.59,189956378.0
2019-11-22,3.6,3.62,3.59,3.6,154868189.0
2019-11-25,3.61,3.65,3.61,3.64,194810621.0
2019-11-26,3.65,3.67,3.64,3.64,254088670.0
2019-11-27,3.65,3.66,3.64,3.66,109121239.0
2019-11-28,3.66,3.66,3.63,3.64,137938467.0
2019-11-29,3.64,3.66,3.62,3.62,216240805.0
2019-12-02,3.62,3.64,3.62,3.62,120396297.0
2019-12-03,3.62,3.64,3.61,3.63,126300404.0
2019-12-04,3.62,3.63,3.61,3.61,116511990.0
2019-12-05,3.63,3.63,3.61,3.62,144662203.0
2019-12-06,3.63,3.63,3.6,3.61,91737829.0
2019-12-09,3.61,3.62,3.59,3.61,133984769.0
2019-12-10,3.61,3.62,3.6,3.61,152707709.0
2019-12-11,3.62,3.62,3.6,3.61,157484384.0
2019-12-12,3.62,3.62,3.59,3.61,196178457.0
2019-12-13,3.62,3.67,3.61,3.66,259315828.0
2019-12-16,3.65,3.66,3.63,3.64,152624950.0
2019-12-17,3.65,3.69,3.63,3.66,207725824.0
2019-12-18,3.66,3.68,3.66,3.68,159226990.0
2019-12-19,3.68,3.7,3.67,3.69,166233146.0
2019-12-20,3.69,3.71,3.68,3.71,132013445.0
2019-12-23,3.71,3.72,3.68,3.69,184262426.0
2019-12-24,3.69,3.69,3.68,3.68,76969896.0
2019-12-25,3.68,3.69,3.66,3.67,97558103.0
2019-12-26,3.67,3.71,3.66,3.71,127617677.0
2019-12-27,3.7,3.75,3.7,3.73,216008974.0
2019-12-30,3.73,3.73,3.68,3.72,216000829.0
2019-12-31,3.71,3.72,3.68,3.69,196703080.0
2020-01-02,3.71,3.75,3.71,3.73,205512470.0
2020-01-03,3.74,3.74,3.71,3.72,111814276.0
2020-01-06,3.71,3.72,3.67,3.69,251080218.0
2020-01-07,3.69,3.75,3.68,3.72,291294955.0
2020-01-08,3.69,3.69,3.69,3.69,168214884.0
2020-01-09,3.7,3.71,3.67,3.68,129099347.0
2020-01-10,3.69,3.7,3.67,3.68,102724818.0
2020-01-13,3.68,3.68,3.68,3.68,166226509.0
2020-01-14,3.68,3.68,3.68,3.68,131418569.0
2020-01-15,3.67,3.68,3.65,3.65,103306490.0
2020-01-16,3.66,3.66,3.61,3.61,182015981.0
2020-01-17,3.61,3.64,3.6,3.62,99263777.0
2020-01-20,3.62,3.63,3.61,3.62,87250009.0
2020-01-21,3.62,3.62,3.57,3.58,195067423.0
2020-01-22,3.57,3.58,3.54,3.57,178800980.0
2020-01-23,3.56,3.56,3.51,3.52,243127436.0
2020-02-03,3.3,3.4,3.27,3.37,477726568.0
2020-02-04,3.35,3.43,3.35,3.42,321948123.0
2020-02-05,3.42,3.44,3.39,3.42,248194123.0
2020-02-06,3.43,3.44,3.4,3.43,191076262.0
2020-02-07,3.41,3.41,3.38,3.4,199168477.0
2020-02-10,3.38,3.4,3.37,3.39,158609776.0
2020-02-11,3.4,3.43,3.39,3.42,179148338.0
2020-02-12,3.42,3.43,3.4,3.43,123211353.0
2020-02-13,3.43,3.43,3.4,3.41,123277241.0
2020-02-14,3.4,3.43,3.4,3.43,112313558.0
2020-02-17,3.42,3.48,3.42,3.47,189505766.0
2020-02-18,3.46,3.47,3.44,3.45,159354952.0
2020-02-19,3.45,3.49,3.44,3.48,158263116.0
2020-02-20,3.48,3.51,3.46,3.51,199422933.0
2020-02-21,3.49,3.51,3.48,3.49,143243525.0
2020-02-24,3.48,3.5,3.46,3.46,186010540.0
2020-02-25,3.44,3.44,3.42,3.43,210579001.0
2020-02-26,3.41,3.46,3.4,3.45,218918963.0
2020-02-27,3.44,3.47,3.44,3.46,170022334.0
2020-02-28,3.44,3.48,3.41,3.41,253585883.0
2020-03-02,3.42,3.47,3.42,3.46,181282521.0
2020-03-03,3.47,3.49,3.46,3.48,190756755.0
2020-03-04,3.48,3.5,3.47,3.49,140680791.0
2020-03-05,3.49,3.53,3.49,3.52,229182326.0
2020-03-06,3.51,3.52,3.48,3.5,151993255.0
2020-03-09,3.47,3.47,3.42,3.43,282171772.0
2020-03-10,3.41,3.47,3.41,3.46,207809322.0
2020-03-11,3.47,3.47,3.43,3.43,158365714.0
